song_name,song_artist,week
bassa sababa,netta,2/21/2019
יאסו,"סטטיק, בן אל תבורי, עדן בן זקן, סטפן לגר",2/21/2019
סוודר,נוי פדלון,2/21/2019
באתי לחלום,נתן גושן,2/21/2019
קירות,איתי לוי,2/21/2019
הזוג הזה,מרגי,2/21/2019
תגידי לי שטוב לך,עומר אדם,2/21/2019
הלב שלי,ישי ריבו,2/21/2019
מה את מרגישה,עידן עמדי,2/21/2019
בנאדם,אמיר דדון,2/21/2019
rings,Ariana Grande,2/21/2019
high hopes,panic! at the disco,2/21/2019
sweet but psycho,ava max,2/21/2019
without me,halsey,2/21/2019
giant,"calvin harris, rag'n'bone man",2/21/2019
goca dunya,altin gun,2/21/2019
nothing breaks like a heart,"mark ronson, miley cyrus",2/21/2019
detstvo,rauf & faik,2/21/2019
mercy,"mo, two feet, what so not",2/21/2019
juice,lizzo,2/21/2019
bassa sababa,netta,2/28/2019
סוודר,נוי פדלון,2/28/2019
הלב שלי,ישי ריבו,2/28/2019
יאסו,"סטטיק, בן אל תבורי, עדן בן זקן, סטפן לגר",2/28/2019
באתי לחלום,נתן גושן,2/28/2019
הזוג הזה,מרגי,2/28/2019
Drum,נועה קירל,2/28/2019
מה את מרגישה,עידן עמדי,2/28/2019
קירות,איתי לוי,2/28/2019
Never Go Back,Dennis Lloyd,2/28/2019
rings,Ariana Grande,2/28/2019
sweet but psycho,ava max,2/28/2019
giant,"calvin harris, rag'n'bone man",2/28/2019
without me,halsey,2/28/2019
high hopes,panic! at the disco,2/28/2019
goca dunya,altin gun,2/28/2019
detstvo,rauf & faik,2/28/2019
swan song,dua lipa,2/28/2019
juice,lizzo,2/28/2019
Movement,Hozier,2/28/2019
bassa sababa,netta,3/7/2019
יאסו,"סטטיק, בן אל תבורי, עדן בן זקן, סטפן לגר",3/7/2019
הלב שלי,ישי ריבו,3/7/2019
סוודר,נוי פדלון,3/7/2019
הזוג הזה,מרגי,3/7/2019
Drum,נועה קירל,3/7/2019
Never Go Back,Dennis Lloyd,3/7/2019
באתי לחלום,נתן גושן,3/7/2019
מה את מרגישה,עידן עמדי,3/7/2019
מילים שהייתי אומר רק לך,ים רפאלי,3/7/2019
rings,Ariana Grande,3/7/2019
sweet but psycho,ava max,3/7/2019
giant,"calvin harris, rag'n'bone man",3/7/2019
without me,halsey,3/7/2019
high hopes,panic! at the disco,3/7/2019
detstvo,rauf & faik,3/7/2019
Movement,Hozier,3/7/2019
goca dunya,altin gun,3/7/2019
dancing with a stranger,"sam smith, normani",3/7/2019
swan song,dua lipa,3/7/2019
יאסו,"סטטיק, בן אל תבורי, עדן בן זקן, סטפן לגר",3/14/2019
הזוג הזה,מרגי,3/14/2019
Drum,נועה קירל,3/14/2019
bassa sababa,netta,3/14/2019
הלב שלי,ישי ריבו,3/14/2019
Never Go Back,Dennis Lloyd,3/14/2019
סוודר,נוי פדלון,3/14/2019
מילים שהייתי אומר רק לך,ים רפאלי,3/14/2019
וואלק,Full Trunk,3/14/2019
מה את מרגישה,עידן עמדי,3/14/2019
rings,Ariana Grande,3/14/2019
sweet but psycho,ava max,3/14/2019
without me,halsey,3/14/2019
detstvo,rauf & faik,3/14/2019
giant,"calvin harris, rag'n'bone man",3/14/2019
dancing with a stranger,"sam smith, normani",3/14/2019
When The Party's Over,Billie Eilish,3/14/2019
swan song,dua lipa,3/14/2019
goca dunya,altin gun,3/14/2019
movement,hozier,3/14/2019
הזוג הזה,מרגי,3/21/2019
הלב שלי,ישי ריבו,3/21/2019
Drum,נועה קירל,3/21/2019
Never Go Back,Dennis Lloyd,3/21/2019
יאסו,"סטטיק, בן אל תבורי, עדן בן זקן, וסטפן לגר",3/21/2019
וואלק,Full Trunk,3/21/2019
bassa sababa,netta,3/21/2019
home,kobi marimi,3/21/2019
מילים שהייתי אומר רק לך,ים רפאלי,3/21/2019
אוטובוס אחרון לחיפה,"עילי בוטנר, משי קלינשטיין",3/21/2019
rings,Ariana Grande,3/21/2019
detstvo,rauf & faik,3/21/2019
dancing with a stranger,"sam smith, normani",3/21/2019
giant,"calvin harris, rag'n'bone man",3/21/2019
con calma,daddy yankee,3/21/2019
When The Party's Over,Billie Eilish,3/21/2019
sweet but psycho,ava max,3/21/2019
without me,halsey,3/21/2019
three hearts,alex clare,3/21/2019
movement,hozier,3/21/2019
הזוג הזה,מרגי,3/28/2019
Drum,נועה קירל,3/28/2019
הלב שלי,ישי ריבו,3/28/2019
Never Go Back,Dennis Lloyd,3/28/2019
וואלק,Full Trunk,3/28/2019
יאסו,"סטטיק, בן אל תבורי, עדן בן זקן, וסטפן לגר",3/28/2019
תגיד לי Je T'aime,עדן בן זקן,3/28/2019
home,kobi marimi,3/28/2019
מילים שהייתי אומר רק לך,ים רפאלי,3/28/2019
אוטובוס אחרון לחיפה,"עילי בוטנר, משי קלינשטיין",3/28/2019
rings,Ariana Grande,3/28/2019
detstvo,rauf & faik,3/28/2019
dancing with a stranger,"sam smith, normani",3/28/2019
con calma,daddy yankee,3/28/2019
Sucker,Jonas Brothers,3/28/2019
Giant,"Calvin Harris, Rag'n'Bone Man",3/28/2019
"Break Up With Your Girlfriend, I'm Bored",Ariana Grande,3/28/2019
When The Party's Over,Billie Eilishwithout me - halsey,3/28/2019
three hearts,alex clare,3/28/2019
movement,hozier,3/28/2019
הזוג הזה,מרגי,4/4/2019
Drum,נועה קירל,4/4/2019
הלב שלי,ישי ריבו,4/4/2019
Never Go Back,Dennis Lloyd,4/4/2019
תגיד לי je t'aime,עדן בן זקן,4/4/2019
וואלק,full trunk,4/4/2019
מילים שהייתי אומר רק לך,ים רפאלי,4/4/2019
home,kobi marimi,4/4/2019
אוטובוס אחרון לחיפה,"עילי בוטנר, משי קלינשטיין",4/4/2019
עכשיו הלב פתוח,בניה ברבי,4/4/2019
Sucker,Jonas Brothers,4/4/2019
rings,Ariana Grande,4/4/2019
con calma,daddy yankee,4/4/2019
dancing with a stranger,"sam smith, normani",4/4/2019
"Break Up With Your Girlfriend, I'm Bored",Ariana Grande,4/4/2019
When The Party's Over,Billie Eilish,4/4/2019
detstvo,rauf & faik,4/4/2019
HP,Maluma,4/4/2019
Always Remember Us This Way,Lady Gaga,4/4/2019
three hearts,alex clare,4/4/2019
הלב שלי,ישי ריבו,4/11/2019
הזוג הזה,מרגי,4/11/2019
Drum,נועה קירל,4/11/2019
Never Go Back,Dennis Lloyd,4/11/2019
תגיד לי je t'aime,עדן בן זקן,4/11/2019
וואלק,full trunk,4/11/2019
עכשיו הלב פתוח,בניה ברבי,4/11/2019
מילים שהייתי אומר רק לך,ים רפאלי,4/11/2019
מתגעגעת,נתן גושן,4/11/2019
גלבי,נרקיס,4/11/2019
"Break Up With Your Girlfriend, I'm Bored",Ariana Grande,4/11/2019
dancing with a stranger,"sam smith, normani",4/11/2019
con calma,daddy yankee,4/11/2019
Always Remember Us This Way,Lady Gaga,4/11/2019
When The Party's Over,Billie Eilish,4/11/2019
HP,Maluma,4/11/2019
rings,Ariana Grande,4/11/2019
Bury a friend,Billie Eilish,4/11/2019
detstvo,rauf & faik,4/11/2019
הלב שלי,ישי ריבו,4/18/2019
הזוג הזה,מרגי,4/18/2019
Never Go Back,Dennis Lloyd,4/18/2019
תגיד לי je t'aime,עדן בן זקן,4/18/2019
עכשיו הלב פתוח,בניה ברבי,4/18/2019
מתגעגעת,נתן גושן,4/18/2019
Drum,נועה קירל,4/18/2019
עדן חסון,כפיות,4/18/2019
גלבי,נרקיס,4/18/2019
וואלק,Full Trunk,4/18/2019
con calma,daddy yankee,4/18/2019
"Break Up With Your Girlfriend, I'm Bored",Ariana Grande,4/18/2019
Sucker,Jonas Brothers,4/18/2019
Bury a friend,Billie Eilish,4/18/2019
Always Remember Us This Way,Lady Gaga,4/18/2019
HP,Maluma,4/18/2019
Old Town Road (remix),"Lil Nas X, Billy Ray Cyrus",4/18/2019
dancing with a stranger,"sam smith, normani",4/18/2019
365 ,"Katy Perry, Zedd",4/18/2019
When The Party's Over,Billie Eilish,4/18/2019
שבט אחים ואחיות,אמני ישראל,5/16/2019
מתגעגעת,נתן גושן,5/16/2019
כפיות,עדן חסון,5/16/2019
never go back,dennis lloyd,5/16/2019
ממה את מפחדת,"בניה ברבי, אייל גולן",5/16/2019
תגיד לי je t'aime,עדן בן זקן,5/16/2019
עכשיו הלב פתוח,בניה ברבי,5/16/2019
אנחנו,גיא מזיג,5/16/2019
בלילות,רותם כהן,5/16/2019
הלב שלי,ישי ריבו,5/16/2019
old town road (remix),"lil nas x, billy ray cyrus",5/16/2019
con calma,daddy yankee,5/16/2019
Bury a friend,Billie Eilish,5/16/2019
i don't care,"ed sheeran, justin bieber",5/16/2019
low key,"ally brooke, tyga",5/16/2019
Sucker,Jonas BrothersHP - Maluma,5/16/2019
365,"Katy Perry, Zedd",5/16/2019
Always Remember Us This Way,Lady Gaga,5/16/2019
medellin,"madonna, maluma",5/16/2019
jenny of oldstones,florence + the machine,5/16/2019
שבט אחים ואחיות,אמני ישראל,5/23/2019
ממה את מפחדת,"בניה ברבי, אייל גולן",5/23/2019
כפיות,עדן חסון,5/23/2019
בלילות,רותם כהן,5/23/2019
מתגעגעת,נתן גושן,5/23/2019
אנחנו,גיא מזיג,5/23/2019
never go back,dennis lloyd,5/23/2019
הוליווד,ג'ימבו ג'יי,5/23/2019
תגיד לי je t'aime,עדן בן זקן,5/23/2019
עכשיו הלב פתוח,בניה ברבי,5/23/2019
old town road (remix),"lil nas x, billy ray cyrus",5/23/2019
con calma,daddy yankee,5/23/2019
i don't care,"ed sheeran, justin bieber",5/23/2019
Bury a friend,Billie Eilish,5/23/2019
low key,"ally brooke, tyga",5/23/2019
365 ,"Katy Perry, Zedd",5/23/2019
Sucker,Jonas Brothers,5/23/2019
me!,"taylor swift, brendon urie",5/23/2019
medellin,"madonna, maluma",5/23/2019
jenny of oldstones,florence + the machine,5/23/2019
ממה את מפחדת,"בניה ברבי, אייל גולן",5/30/2019
שבט אחים ואחיות,אמני ישראל,5/30/2019
בלילות,רותם כהן,5/30/2019
כפיות,עדן חסון,5/30/2019
אנחנו,גיא מזיג,5/30/2019
יעשו לנו כבוד,עומר אדם,5/30/2019
nana banana,netta,5/30/2019
מתגעגעת,נתן גושן,5/30/2019
עכשיו הלב פתוח,בניה ברבי,5/30/2019
הוליווד,ג'ימבו ג'יי,5/30/2019
i don't care,"ed sheeran, justin bieber",5/30/2019
old town road (remix),"lil nas x, billy ray cyrus",5/30/2019
soldi,mahmood,5/30/2019
con calma,daddy yankee,5/30/2019
Bury a friend,Billie Eilish,5/30/2019
bad guy,billie eilish,5/30/2019
low key,"ally brooke, tyga",5/30/2019
me!,"taylor swift, brendon urie",5/30/2019
365,"Katy Perry, Zedd",5/30/2019
medellin,"madonna, maluma",5/30/2019
ממה את מפחדת,"בניה ברבי, אייל גולן",6/6/2019
שבט אחים ואחיות,אמני ישראל,6/6/2019
כפיות,עדן חסון,6/6/2019
בלילות,רותם כהן,6/6/2019
אין יותר מועדונים,עדן חסון,6/6/2019
יעשו לנו כבוד,עומר אדם,6/6/2019
nana banana,netta,6/6/2019
אנחנו,גיא מזיג,6/6/2019
חצוף,נועה קירל,6/6/2019
הוליווד,ג'ימבו ג'יי,6/6/2019
soldi,mahmood,6/6/2019
i don't care,"ed sheeran, justin bieber",6/6/2019
old town road (remix),"lil nas x, billy ray cyrus",6/6/2019
bad guy,billie eilish,6/6/2019
con calma,daddy yankee,6/6/2019
SOS,"Avicii, Aloe Blacc",6/6/2019
Bury a friend,Billie Eilish,6/6/2019
low key,"ally brooke, tyga",6/6/2019
flora cash,you're somebody else,6/6/2019
me!,"taylor swift, brendon urie",6/6/2019
ממה את מפחדת,"בניה ברבי, אייל גולן",6/13/2019
אין יותר מועדונים,עדן חסון,6/13/2019
שבט אחים ואחיות,אמני ישראל,6/13/2019
בלילות,רותם כהן,6/13/2019
יעשו לנו כבוד,עומר אדם,6/13/2019
שממה,אורי בן ארי,6/13/2019
כפיות,עדן חסון,6/13/2019
Aura,Dennis Lloyd,6/13/2019
nana banana,netta,6/13/2019
חצוף,נועה קירל,6/13/2019
soldi,mahmood,6/13/2019
i don't care,"ed sheeran, justin bieber",6/13/2019
bad guy,billie eilish,6/13/2019
old town road (remix),"lil nas x, billy ray cyrus",6/13/2019
SOS,"Avicii, Aloe Blacc",6/13/2019
con calma,daddy yankee,6/13/2019
if i can't have you,shawn mendes,6/13/2019
Piece Of Your Heart,"Meduza, Goodboys",6/13/2019
flora cash,you're somebody else,6/13/2019
Bury a friend,Billie Eilish,6/13/2019
ממה את מפחדת,"בניה ברבי, אייל גולן",6/20/2019
אין יותר מועדונים,עדן חסון,6/20/2019
טמפרטורה,"עומר אדם, richie loop",6/20/2019
שממה,אורי בן ארי,6/20/2019
Aura,Dennis Lloyd,6/20/2019
שבט אחים ואחיות,אמני ישראל,6/20/2019
בלילות,רותם כהן,6/20/2019
יעשו לנו כבוד,עומר אדם,6/20/2019
חצוף,נועה קירל,6/20/2019
AWA, Hana Mash Hu Al Yaman,6/20/2019
soldi,mahmood,6/20/2019
i don't care,"ed sheeran, justin bieber",6/20/2019
SOS,"Avicii, Aloe Blacc",6/20/2019
bad guy,billie eilish,6/20/2019
old town road (remix),"lil nas x, billy ray cyrus",6/20/2019
if i can't have you,shawn mendes,6/20/2019
Piece Of Your Heart,"Meduza, Goodboys",6/20/2019
con calma,daddy yankee,6/20/2019
flora cash,you're somebody else,6/20/2019
Late Night Feelings,"Mark Ronson, Lykke Li",6/20/2019
ממה את מפחדת,"בניה ברבי, אייל גולן",6/27/2019
אין יותר מועדונים,עדן חסון,6/27/2019
שממה,אורי בן ארי,6/27/2019
טמפרטורה,"עומר אדם, Richie Loop",6/27/2019
Aura,Dennis Lloyd,6/27/2019
שבט אחים ואחיות,אמני ישראל,6/27/2019
חצוף,נועה קירל,6/27/2019
שיר חדש,אברהם טל,6/27/2019
מסע,אליעד,6/27/2019
AWA,Hana Mash Hu Al Yaman,6/27/2019
soldi,mahmood,6/27/2019
i don't care,"ed sheeran, justin bieber",6/27/2019
If I Can't Have You,Shawn Mendes,6/27/2019
SOS,"Avicii, Aloe Blacc",6/27/2019
bad guy,billie eilish,6/27/2019
Piece Of Your Heart,"Meduza, Goodboys",6/27/2019
old town road (remix),"lil nas x, billy ray cyrus",6/27/2019
Late Night Feelings,"Mark Ronson, Lykke Lic",6/27/2019
Jerome,Lizzo,6/27/2019
flora cash,you're,6/27/2019
אין יותר מועדונים,עדן חסון,7/4/2019
ממה את מפחדת,"בניה ברבי, אייל גולן",7/4/2019
מסע,אליעד,7/4/2019
שבט אחים ואחיות,אמני ישראל,7/4/2019
טמפרטורה,"עומר אדם, richie loop",7/4/2019
שממה,אורי בן ארי,7/4/2019
Aura,Dennis Lloyd,7/4/2019
חצוף,נועה קירל,7/4/2019
שיר חדש,אברהם טל,7/4/2019
AWA,Hana Mash Hu Al Yaman,7/4/2019
soldi,mahmood,7/4/2019
i don't care,"ed sheeran, justin bieber",7/4/2019
If I Can't Have You,Shawn Mendes,7/4/2019
Piece Of Your Heart,"Meduza, Goodboys",7/4/2019
bad guy,billie eilish,7/4/2019
SOS,"Avicii, Aloe Blacc",7/4/2019
old town road (remix),"lil nas x, billy ray cyrus",7/4/2019
Late Night Feelings,"Mark Ronson, Lykke Lic",7/4/2019
Stay (Don't Go Away),"David Guetta, Raye",7/4/2019
Jerome,Lizzo,7/4/2019
אין יותר מועדונים,עדן חסון,7/11/2019
מסע,אליעד,7/11/2019
ממה את מפחדת,"בניה ברבי, אייל גולן",7/11/2019
טמפרטורה,"עומר אדם, richie loop",7/11/2019
שבט אחים ואחיות,אמני ישראל,7/11/2019
שממה,אורי בן ארי,7/11/2019
שיר חדש,אברהם טל,7/11/2019
Aura,Dennis Lloyd,7/11/2019
רודף אהבה בימים,עידן רפאל חביב,7/11/2019
A,WA - Hana Mash Hu Al Yaman,7/11/2019
soldi,mahmood,7/11/2019
Piece Of Your Heart,"Meduza, Goodboys",7/11/2019
i don't care,"ed sheeran, justin bieber",7/11/2019
If I Can't Have You,Shawn Mendes,7/11/2019
bad guy,billie eilish,7/11/2019
SOS,"Avicii, Aloe Blacc",7/11/2019
Hola Senorita,"Maitre Gims, Maluma",7/11/2019
Stay (Don't Go Away),"David Guetta, Raye",7/11/2019
Hold Me While You Wait,Lewis Capaldi,7/11/2019
Jerome,Lizzo,7/11/2019
מסע,אליעד,7/18/2019
אין יותר מועדונים,עדן חסון,7/18/2019
טמפרטורה,"עומר אדם, richie loop",7/18/2019
ממה את מפחדת,"בניה ברבי, אייל גולן",7/18/2019
שבט אחים ואחיות,אמני ישראל,7/18/2019
שממה,אורי בן ארי,7/18/2019
רודף אהבה בימים,עידן רפאל חביב,7/18/2019
שיר חדש,אברהם טל,7/18/2019
כולם אותו דבר,"הראל סקעת, אושר בחתה",7/18/2019
נתראה בגלגול הבא,רביד פלוטניק,7/18/2019
soldi,mahmood,7/18/2019
Senorita,"shawn mendes, camila cabello",7/18/2019
Piece Of Your Heart,"Meduza, Goodboys",7/18/2019
i don't care,"ed sheeran, justin bieber",7/18/2019
bad guy,billie eilish,7/18/2019
Hola Senorita,"Maitre Gims, Maluma",7/18/2019
If I Can't Have You,Shawn Mendes,7/18/2019
SOS,"Avicii, Aloe Blacc",7/18/2019
Hold Me While You Wait,Lewis Capaldi,7/18/2019
מסע,אליעד,7/25/2019
אין יותר מועדונים,עדן חסון,7/25/2019
טמפרטורה,"עומר אדם, richie loop",7/25/2019
ממה את מפחדת,"בניה ברבי, אייל גולן",7/25/2019
שממה,אורי בן ארי,7/25/2019
רודף אהבה בימים,עידן רפאל חביב,7/25/2019
שבט אחים ואחיות,אמני ישראל,7/25/2019
בננות,סטטיק ובן אל תבורי,7/25/2019
נתראה בגלגול הבא,רביד פלוטניק,7/25/2019
כולם אותו דבר,"הראל סקעת, אושר בחתה",7/25/2019
Senorita,"shawn mendes, camila cabello",7/25/2019
Piece Of Your Heart,"Meduza, Goodboys",7/25/2019
soldi,mahmood,7/25/2019
i don't care,"ed sheeran, justin bieber",7/25/2019
Hola Senorita,"Maitre Gims, Maluma",7/25/2019
bad guy,billie eilish,7/25/2019
chlorine,twenty one pilots,7/25/2019
schhh,mahmut orhan,7/25/2019
Nights,Dominic Fike,7/25/2019
מסע,אליעד,8/1/2019
טמפרטורה,"עומר אדם, richie loop",8/1/2019
אין יותר מועדונים,עדן חסון,8/1/2019
רודף אהבה בימים,עידן רפאל חביב,8/1/2019
ממה את מפחדת,"בניה ברבי, אייל גולן",8/1/2019
לך עם האמת שלך,עדן מאירי,8/1/2019
כולם אותו דבר,"הראל סקעת, אושר בחתה",8/1/2019
נתראה בגלגול הבא,רביד פלוטניק,8/1/2019
בננות,סטטיק ובן אל תבורי,8/1/2019
echoes,lola marsh,8/1/2019
Senorita,"shawn mendes, camila cabello",8/1/2019
Piece Of Your Heart,"Meduza, Goodboys",8/1/2019
Hola Senorita,"Maitre Gims, Maluma",8/1/2019
chlorine,twenty one pilots,8/1/2019
schhh,mahmut orhan,8/1/2019
soldi,mahmood,8/1/2019
goodbyes,"post malone, young thug",8/1/2019
i don't care,"ed sheeran, justin bieber",8/1/2019
Nights,Dominic Fike,8/1/2019
מסע,אליעד,8/8/2019
טמפרטורה,"עומר אדם, richie loop",8/8/2019
אין יותר מועדונים,עדן חסון,8/8/2019
פאוץ',נועה קירל,8/8/2019
כולם אותו דבר,"הראל סקעת, אושר בחתהממה את מפחדת - בניה ברבי, אייל גולן",8/8/2019
לך עם האמת שלך,עדן מאירי,8/8/2019
רודף אהבה בימים,עידן רפאל חביב,8/8/2019
עדיין ילד,אמיר דדון,8/8/2019
בננות,סטטיק ובן אל תבורי,8/8/2019
echoes,lola marsh,8/8/2019
Senorita,"shawn mendes, camila cabello",8/8/2019
Hola Senorita,"Maitre Gims, Maluma",8/8/2019
Piece Of Your Heart,"Meduza, Goodboys",8/8/2019
schhh,mahmut orhan,8/8/2019
goodbyes,"post malone, young thug",8/8/2019
chlorine,twenty one pilotssoldi - mahmood,8/8/2019
beautiful people,"ed sheeran, khalid",8/8/2019
Numb,dotan,8/8/2019
Nights,Dominic Fike,8/8/2019
מסע,אליעד,8/15/2019
פאוץ',נועה קירל,8/15/2019
טמפרטורה,"עומר אדם, richie loop",8/15/2019
כולם אותו דבר,"הראל סקעת, אושר בחתה",8/15/2019
לך עם האמת שלך,עדן מאירי,8/15/2019
אין יותר מועדונים,עדן חסון,8/15/2019
עדיין ילד,אמיר דדון,8/15/2019
echoes,lola marsh,8/15/2019
רודף אהבה בימים,עידן רפאל חביב,8/15/2019
לופ,אמיר ובן,8/15/2019
Senorita,"shawn mendes, camila cabello",8/15/2019
Hola Senorita,"Maitre Gims, Maluma",8/15/2019
schhh,mahmut orhan,8/15/2019
goodbyes,"post malone, young thug",8/15/2019
beautiful people,"ed sheeran, khalid",8/15/2019
Piece Of Your Heart,"Meduza, Goodboys",8/15/2019
Numb,dotan,8/15/2019
How Do You Sleep?,Sam Smith,8/15/2019
chlorine,twenty one pilotssoldi - mahmood,8/15/2019
פאוץ',נועה קירל,8/22/2019
מסע,אליעד,8/22/2019
כולם אותו דבר,"הראל סקעת, אושר בחתה",8/22/2019
לך עם האמת שלך,עדן מאירי,8/22/2019
טמפרטורה,"עומר אדם, richie loop",8/22/2019
עדיין ילד,אמיר דדון,8/22/2019
echoes,lola marsh,8/22/2019
רודף אהבה בימים,עידן רפאל חביב,8/22/2019
מי אני,קרן פלס,8/22/2019
לופ,אמיר ובן,8/22/2019
Senorita,"shawn mendes, camila cabello",8/22/2019
beautiful people,"ed sheeran, khalid",8/22/2019
schhh,mahmut orhan,8/22/2019
goodbyes,"post malone, young thug",8/22/2019
Loco Contigo,"DJ Snake, J Balvin, Tyga",8/22/2019
How Do You Sleep?,Sam Smith,8/22/2019
Numb,dotan,8/22/2019
Hola Senorita,"Maitre Gims, Maluma",8/22/2019
Higher Love,"Kygo, Whitney Houston",8/22/2019
פאוץ',נועה קירל,8/29/2019
לך עם האמת שלך,עדן מאירי,8/29/2019
מסע,אליעד,8/29/2019
חזרי אלי,נתן גושן,8/29/2019
מי אני,קרן פלס,8/29/2019
echoes,lola marsh,8/29/2019
כולם אותו דבר,"הראל סקעת, אושר בחתה",8/29/2019
עדיין ילד,אמיר דדון,8/29/2019
טמפרטורה,"עומר אדם, richie loop",8/29/2019
לופ,אמיר ובן,8/29/2019
Senorita,"shawn mendes, camila cabello",8/29/2019
Loco Contigo,"DJ Snake, J Balvin, Tyga",8/29/2019
How Do You Sleep?,Sam Smith,8/29/2019
beautiful people,"ed sheeran, khalid",8/29/2019
Numb,dotan,8/29/2019
schhh,mahmut orhan,8/29/2019
goodbyes,"post malone, young thug",8/29/2019
Boyfriend,"Ariana Grande, Social House",8/29/2019
Panini,Lil Nas X,8/29/2019
פאוץ',נועה קירל,9/5/2019
חזרי אלי,נתן גושן,9/5/2019
לך עם האמת שלך,עדן מאירי,9/5/2019
מסע,אליעד,9/5/2019
echoes,lola marsh,9/5/2019
מי אני,קרן פלס,9/5/2019
Heliocentric,Blueberry,9/5/2019
כולם אותו דבר,"הראל סקעת, אושר בחתה",9/5/2019
רוקדים צמודים,ג'יין בורדו,9/5/2019
יש יופי,"חמי רודנר, יאיר הררי",9/5/2019
Senorita,"shawn mendes, camila cabello",9/5/2019
Loco Contigo,"DJ Snake, J Balvin, Tyga",9/5/2019
Numb,dotan,9/5/2019
How Do You Sleep?,Sam Smith,9/5/2019
beautiful people,"ed sheeran, khalid",9/5/2019
Boyfriend,"Ariana Grande, Social House",9/5/2019
goodbyes,"post malone, young thug",9/5/2019
lalala,"yk, bbno$",9/5/2019
lover,taylor swift,9/5/2019
פאוץ',נועה קירל,9/12/2019
חזרי אלי,נתן גושן,9/12/2019
לך עם האמת שלך,עדן מאירי,9/12/2019
Heliocentric,Blueberry,9/12/2019
echoes,lola marsh,9/12/2019
מי אני,קרן פלס,9/12/2019
מסע,אליעד,9/12/2019
לרקוד עם דמעות בעיניים,"עברי לידר, דיג'יי תומר מייזנר, נועה קירל",9/12/2019
יש יופי,"חמי רודנר, יאיר הררי",9/12/2019
רוקדים צמודים,ג'יין בורדו,9/12/2019
Senorita,"shawn mendes, camila cabello",9/12/2019
Loco Contigo,"DJ Snake, J Balvin, Tyga",9/12/2019
lalala,"yk, bbno$",9/12/2019
Numb,dotan,9/12/2019
How Do You Sleep?,Sam Smith,9/12/2019
lover,taylor swift,9/12/2019
Boyfriend,"Ariana Grande, Social House",9/12/2019
beautiful people,"ed sheeran, khalid",9/12/2019
goodbyes,"post malone, young thug",9/12/2019
חזרי אלי,נתן גושן,9/19/2019
פאוץ',נועה קירל,9/19/2019
לך עם האמת שלך,עדן מאירי,9/19/2019
אחת כמוני,לירן דנינו,9/19/2019
Heliocentric,Blueberry,9/19/2019
לרקוד עם דמעות בעיניים,"עברי לידר, דיג'יי תומר מייזנר, נועה קירל",9/19/2019
מי אני,קרן פלס,9/19/2019
מסע,אליעד,9/19/2019
echoes,lola marsh,9/19/2019
שבועיים,"דיקלה, מרק קקון",9/19/2019
Loco Contigo,"DJ Snake, J Balvin, Tyga",9/19/2019
Senorita,"shawn mendes, camila cabello",9/19/2019
lalala,"yk, bbno$",9/19/2019
Numb,dotan,9/19/2019
Truth Hurts,Lizzo,9/19/2019
How Do You Sleep?,Sam Smith,9/19/2019
Only Human,Jonas Brothers,9/19/2019
lover,taylor swift,9/19/2019
beautiful people,"ed sheeran, khalid",9/19/2019
חזרי אלי,נתן גושן,10/3/2019
פאוץ',נועה קירל,10/3/2019
לך עם האמת שלך,עדן מאירי,10/3/2019
אחת כמוני,לירן דנינו,10/3/2019
Heliocentric,Blueberry,10/3/2019
לרקוד עם דמעות בעיניים,"עברי לידר, דיג'יי תומר מייזנר, נועה קירל",10/3/2019
מי אני,קרן פלס,10/3/2019
מסע,אליעד,10/3/2019
echoes,lola marsh,10/3/2019
שבועיים,"דיקלה, מרק קקון",10/3/2019
Loco Contigo,"DJ Snake, J Balvin, Tyga",10/3/2019
Senorita,"shawn mendes, camila cabello",10/3/2019
lalala,"yk, bbno$",10/3/2019
Numb,dotan,10/3/2019
Truth Hurts,Lizzo,10/3/2019
How Do You Sleep?,Sam Smith,10/3/2019
Only Human,Jonas Brothers,10/3/2019
lover,taylor swift,10/3/2019
beautiful people,"ed sheeran, khalid",10/3/2019
חזרי אלי,נתן גושן,10/10/2019
אחת כמוני,לירן דנינו,10/10/2019
פאוץ',נועה קירל,10/10/2019
לרקוד עם דמעות בעיניים,"עברי לידר, דיג'יי תומר מייזנר, נועה קירל",10/10/2019
אני רוצה,עידן עמדי,10/10/2019
שבועיים,"דיקלה, מרק קקון",10/10/2019
בין קודש לחול,"אמיר דדון, שולי רנד",10/10/2019
לך עם האמת שלך,עדן מאירי,10/10/2019
Heliocentric,Blueberry,10/10/2019
הכל שקוף,מרגי,10/10/2019
Loco Contigo,"DJ Snake, J Balvin, Tyga",10/10/2019
Truth Hurts,Lizzo,10/10/2019
lalala,"yk, bbno$",10/10/2019
Only Human,Jonas Brothers,10/10/2019
Reste,"Gims, Sting",10/10/2019
Senorita,"shawn mendes, camila cabello",10/10/2019
Circles,Post Malone,10/10/2019
Don't Call Me Angel,"Ariana Grande, Miley Cyrus, Lana Del Rey",10/10/2019
Numb,dotan,10/10/2019
How Do You Sleep?,Sam Smith,10/10/2019
חזרי אלי,נתן גושן,10/17/2019
אחת כמוני,לירן דנינו,10/17/2019
אני רוצה,עידן עמדי,10/17/2019
פאוץ',נועה קירל,10/17/2019
בין קודש לחול,"אמיר דדון, שולי רנד",10/17/2019
לרקוד עם דמעות בעיניים,"עברי לידר, דיג'יי תומר מייזנר, נועה קירל",10/17/2019
שבועיים,"דיקלה, מרק קקון",10/17/2019
הכל שקוף,מרגי,10/17/2019
לך עם האמת שלך,עדן מאירי,10/17/2019
Heliocentric,Blueberry,10/17/2019
Only Human,Jonas Brothers,10/17/2019
lalala,"yk, bbno$",10/17/2019
Truth Hurts,Lizzo,10/17/2019
Reste,"Gims, Sting",10/17/2019
Loco Contigo,"DJ Snake, J Balvin, Tyga",10/17/2019
Circles,Post Malone,10/17/2019
Don't Call Me Angel,"Ariana Grande, Miley Cyrus, Lana Del Rey",10/17/2019
all the good girls go to hell,Billie Eilish,10/17/2019
Once,Liam Gallagher,10/17/2019
Senorita,"shawn mendes, camila cabello",10/17/2019
חזרי אלי,נתן גושן,10/24/2019
אחת כמוני,לירן דנינו,10/24/2019
בין קודש לחול,"אמיר דדון, שולי רנד",10/24/2019
אני רוצה,עידן עמדי,10/24/2019
פאוץ',נועה קירל,10/24/2019
לרקוד עם דמעות בעיניים,"עברי לידר, דיג'יי תומר מייזנר, נועה קירל",10/24/2019
הכל שקוף,מרגי,10/24/2019
שבועיים,"דיקלה, מרק קקון",10/24/2019
אומר דברים בשקט,אורן ברזילי,10/24/2019
Heliocentric,Blueberry,10/24/2019
Only Human,Jonas Brothers,10/24/2019
Reste,"Gims, Sting",10/24/2019
Truth Hurts,Lizzo,10/24/2019
lalala,"yk, bbno$",10/24/2019
Circles,Post Malone,10/24/2019
Loco Contigo,"DJ Snake, J Balvin, Tyga",10/24/2019
Don't Call Me Angel,"Ariana Grande, Miley Cyrus, Lana Del Rey",10/24/2019
Once,Liam Gallagher,10/24/2019
all the good girls go to hell,Billie Eilish,10/24/2019
Senorita,"shawn mendes, camila cabello",10/24/2019
בין קודש לחול,"אמיר דדון, שולי רנד",11/7/2019
לרקוד עם דמעות בעיניים,"עברי לידר, דיג'יי תומר מייזנר, נועה קירל",11/7/2019
חזרי אלי,נתן גושן,11/7/2019
הכל שקוף,מרגי,11/7/2019
אחת כמוני,לירן דנינו,11/7/2019
מאושרים,"דולי ופן, לירן דנינו, נועה קירל",11/7/2019
שמש,חנן בן ארי,11/7/2019
שבועיים,"דיקלה, מרק קקון",11/7/2019
אני רוצה,עידן עמדי,11/7/2019
Wild West,Dennis Lloyd,11/7/2019
Reste,"Gims, Sting Only Human - Jonas Brothers",11/7/2019
Dance Monkey,Tones & I,11/7/2019
Circles,Post Malone,11/7/2019
Someone You Loved,Lewis Capaldi,11/7/2019
Only Human,Jonas Brothers,11/7/2019
Truth Hurts,Lizzo,11/7/2019
Don't Call Me Angel,"Ariana Grande, Miley Cyrus, Lana Del Rey",11/7/2019
lalala,"yk, bbno$",11/7/2019
Once,Liam Gallagher,11/7/2019
Barrio,Mahmood,11/7/2019
בין קודש לחול,"אמיר דדון, שולי רנד",11/14/2019
לרקוד עם דמעות בעיניים,"עברי לידר, דיג'יי תומר מייזנר, נועה קירל",11/14/2019
מאושרים,"דולי ופן, לירן דנינו, נועה קירל",11/14/2019
הכל שקוף,מרגי,11/14/2019
שמש,חנן בן ארי,11/14/2019
חזרי אלי,נתן גושן,11/14/2019
אחת כמוני,לירן דנינו,11/14/2019
Wild West,dennis Lloyd,11/14/2019
סיבה לברוח,גיא ויהל,11/14/2019
שבועיים,"דיקלה, מרק קקון",11/14/2019
Reste,"Gims, Sting Only Human - Jonas Brothers",11/14/2019
Dance Monkey,Tones & I,11/14/2019
Someone You Loved,Lewis Capaldi,11/14/2019
Circles,Post Malone,11/14/2019
Don't Call Me Angel,"Ariana Grande, Miley Cyrus, Lana Del Rey",11/14/2019
Barrio,Mahmood,11/14/2019
Lights Up,Harry Styles,11/14/2019
Truth Hurts,Lizzo,11/14/2019
Teeth,5 Seconds Of Summer,11/14/2019
Ride It,Regard,11/14/2019
מאושרים,"דולי ופן, לירן דנינו, נועה קירל",11/21/2019
לרקוד עם דמעות בעיניים,"עברי לידר, דיג'יי תומר מייזנר, נועה קירל",11/21/2019
בין קודש לחול,"אמיר דדון, שולי רנד",11/21/2019
שמש,חנן בן ארי,11/21/2019
Wild West,Dennis Lloyd,11/21/2019
הכל שקוף,מרגי,11/21/2019
סיבה לברוח,גיא ויהל,11/21/2019
כתוב מלמעלה,עידן רייכל,11/21/2019
אמאל'ה,סטטיק ובן אל תבורי,11/21/2019
אחת כמוני,לירן דנינו,11/21/2019
Dance Monkey,Tones & I,11/21/2019
Someone You Loved,Lewis Capaldi,11/21/2019
Reste,"Gims, Sting",11/21/2019
Don't Start Now,Dua Lipa,11/21/2019
Circles,Post Malone,11/21/2019
Barrio,Mahmood,11/21/2019
Lights Up,Harry Styles,11/21/2019
Orphans,Coldplay,11/21/2019
Ride It,Regard,11/21/2019
Teeth,Seconds Of Summer,11/21/2019
מאושרים,"דולי ופן, לירן דנינו, נועה קירל",11/28/2019
שמש,חנן בן ארי,11/28/2019
Wild West,Dennis Lloyd,11/28/2019
בין קודש לחול,"אמיר דדון, שולי רנד",11/28/2019
לרקוד עם דמעות בעיניים,"עברי לידר, דיג'יי תומר מייזנר, נועה קירל",11/28/2019
כתוב מלמעלה,עידן רייכל,11/28/2019
סיבה לברוח,גיא ויהל,11/28/2019
הכל שקוף,מרגי,11/28/2019
אמאל'ה,סטטיק ובן אל תבורי,11/28/2019
Lola Marsh,Only For A Moment,11/28/2019
Dance Monkey,Tones & I,11/28/2019
Someone You Loved,Lewis Capaldi,11/28/2019
Don't Start Now,Dua Lipa,11/28/2019
Circles,Post Malone,11/28/2019
Reste,"Gims, Sting",11/28/2019
Ride It,Regard,11/28/2019
Orphans,Coldplay,11/28/2019
Barrio,Mahmood,11/28/2019
Lights Up,Harry Styles,11/28/2019
Teeth,Seconds Of Summer,11/28/2019
מאושרים,"דולי ופן, לירן דנינו, נועה קירל",12/5/2019
שמש,חנן בן ארי,12/5/2019
Wild West,Dennis Lloyd,12/5/2019
בין קודש לחול,"אמיר דדון, שולי רנד",12/5/2019
כתוב מלמעלה,עידן רייכל,12/5/2019
אמאל'ה,סטטיק ובן אל תבורי,12/5/2019
לרקוד עם דמעות בעיניים,"עברי לידר, דיג'יי תומר מייזנר, נועה קירל",12/5/2019
אגרוף,עדן בן זקן,12/5/2019
סיבה לברוח,גיא ויהל,12/5/2019
Lola Marsh,Only For A Moment,12/5/2019
Dance Monkey,Tones & I,12/5/2019
Someone You Loved,Lewis Capaldi,12/5/2019
Don't Start Now,Dua Lipa,12/5/2019
Circles,Post Malone,12/5/2019
Maroon,Memories,12/5/2019
Ride It,Regard,12/5/2019
Arizona Zervas,ROXANNE,12/5/2019
Coldplay,Orphans,12/5/2019
GIMS & Sting,Reste,12/5/2019
"The Black Eyed Peas, J Balvin",RITMO (Bad Boys For Life),12/12/2019
מאושרים,"דולי ופן, לירן דנינו, נועה קירל",12/12/2019
שמש,חנן בן ארי,12/12/2019
כתוב מלמעלה,עידן רייכל,12/12/2019
Wild West,Dennis Lloyd,12/12/2019
נתן גושן וישי ריביו,נחכה לך,12/12/2019
אגרוף,עדן בן זקן,12/12/2019
בין קודש לחול,"אמיר דדון, שולי רנד",12/12/2019
אמאל'ה,סטטיק ובן אל תבורי,12/12/2019
סיבה לברוח,גיא ויהל,12/12/2019
Lola Marsh,Only For A Moment,12/12/2019
Dance Monkey,Tones & I,12/12/2019
Don't Start Now,Dua Lipa,12/12/2019
Someone You Loved,Lewis Capaldi,12/12/2019
Maroon,Memories,12/12/2019
Coldplay,Orphans,12/12/2019
Arizona Zervas,ROXANNE,12/12/2019
Circles,Post Malone,12/12/2019
"The Black Eyed Peas, J Balvin",RITMO (Bad Boys For Life),12/12/2019
Ride It,Regard,12/12/2019
Camila Cabello,Liar,12/12/2019
כתוב מלמעלה,עידן רייכל,12/19/2019
אגרוף,עדן בן זקן,12/19/2019
נתן גושן וישי ריבו,נחכה לך,12/19/2019
מאושרים,"דולי ופן, לירן דנינו, נועה קירל",12/19/2019
שמש,חנן בן ארי,12/19/2019
במקום הכי רחוק,בניה ברבי,12/19/2019
לילה בסיני,משה פרץ,12/19/2019
אמאל'ה,סטטיק ובן אל תבורי,12/19/2019
Dennis Lloyd,Wild West,12/19/2019
איפה הרומנטיקה,כרקוקלי,12/19/2019
Don't Start Now,Dua Lipa,12/19/2019
Maroon,Memories,12/19/2019
Dance Monkey,Tones & I,12/19/2019
Someone You Loved,Lewis Capaldi,12/19/2019
Coldplay,Orphans,12/19/2019
Arizona Zervas,ROXANNE,12/19/2019
everything i wanted,billie eilish,12/19/2019
Camila Cabello,Liar,12/19/2019
"The Black Eyed Peas, J Balvin",RITMO (Bad Boys For Life),12/19/2019
ayy macarena,tyga,12/19/2019
נחכה לך,"ישי ריבו, נתן גושן",1/2/2020
כתוב מלמעלה,עידן רייכל,1/2/2020
אגרוף,עדן בן זקן,1/2/2020
מאושרים,"דולי ופן, לירן דנינו, נועה קירל",1/2/2020
במקום הכי רחוק,בניה ברבי,1/2/2020
דיבור נגוע,"מרגי, סטפן לגר",1/2/2020
איפה הרומנטיקה?,כרקוקלי,1/2/2020
שמש,חנן בן ארי,1/2/2020
Wild West,Dennis Lloyd,1/2/2020
לילה בסיני,משה פרץ,1/2/2020
Don't Start Now,Dua Lipa,1/2/2020
Dance Monkey,Tones & I,1/2/2020
Memories,Maroon,1/2/2020
everything i wanted,billie eilish,1/2/2020
Someone You Loved,Lewis Capald,1/2/2020
Orphans,Coldplay,1/2/2020
"The Black Eyed Peas, J Balvin",RITMO (Bad Boys For Life),1/2/2020
Camila Cabello,Liar,1/2/2020
Arizona Zervas,Roxanne,1/2/2020
"Meduza, Becky Hill, Goodboys",Lose Control,1/2/2020
נחכה לך,"ישי ריבו, נתן גושן",1/9/2020
אגרוף,עדן בן זקן,1/9/2020
במקום הכי רחוק,בניה ברבי,1/9/2020
מאושרים,"דולי ופן, לירן דנינו, נועה קירל",1/9/2020
עידן רייכל,כתוב מלמעלה,1/9/2020
דיבור נגוע,"מרגי, סטפן לגר",1/9/2020
איפה הרומנטיקה?,כרקוקלי,1/9/2020
"עומר אדם, נטע ברזילי",BEG,1/9/2020
איתי לוי,לקחת את המפתחות,1/9/2020
"קרן פלס, רוני אלטר",באת לי פתאום,1/9/2020
Dance Monkey,Tones & I,1/9/2020
Don't Start Now,Dua Lipa,1/9/2020
everything i wanted,billie eilish,1/9/2020
Memories,Maroon,1/9/2020
Arizona Zervas,Roxanne,1/9/2020
"Meduza, Becky Hill, Goodboys",Lose Control,1/9/2020
"The Black Eyed Peas, J Balvin",RITMO (Bad Boys For Life),1/9/2020
Camila Cabello,Liar,1/9/2020
Orphans,Coldplay,1/9/2020
Clandestina,Filv & Edmofo,1/9/2020
נחכה לך,"ישי ריבו, נתן גושן",1/16/2020
אגרוף,עדן בן זקן,1/16/2020
במקום הכי רחוק,בניה ברבי,1/16/2020
דיבור נגוע,"מרגי, סטפן לגר",1/16/2020
"עומר אדם, נטע ברזילי",BEG,1/16/2020
איפה הרומנטיקה?,כרקוקלי,1/16/2020
מאושרים,"דולי ופן, לירן דנינו, נועה קירל",1/16/2020
איתי לוי,לקחת את המפתחות,1/16/2020
אל תעזבי ידיים,עקיבא,1/16/2020
"קרן פלס, רוני אלטר",באת לי פתאום,1/16/2020
Dance Monkey,Tones & I,1/16/2020
"Meduza, Becky Hill, Goodboys",Lose Control,1/16/2020
Arizona Zervas,Roxanne,1/16/2020
everything i wanted,billie eilish,1/16/2020
Don't Start Now,Dua Lipa,1/16/2020
Memories,Maroon,1/16/2020
Clandestina,Filv & Edmofo,1/16/2020
Blinding Lights,The Weeknd,1/16/2020
My Oh My,"Camila Cabello, DaBaby",1/16/2020
"The Black Eyed Peas, J Balvin",RITMO (Bad Boys For Life),1/16/2020
נחכה לך,"ישי ריבו, נתן גושן",1/23/2020
אגרוף,עדן בן זקן,1/23/2020
במקום הכי רחוק,בניה ברבי,1/23/2020
דיבור נגוע,"מרגי, סטפן לגר",1/23/2020
"עומר אדם, נטע ברזילי",BEG,1/23/2020
איפה הרומנטיקה?,כרקוקלי,1/23/2020
מאושרים,"דולי ופן, לירן דנינו, נועה קירל",1/23/2020
איתי לוי,לקחת את המפתחות,1/23/2020
אל תעזבי ידיים,עקיבא,1/23/2020
"קרן פלס, רוני אלטר",באת לי פתאום,1/23/2020
Dance Monkey,Tones & I,1/23/2020
"Meduza, Becky Hill, Goodboys",Lose Control,1/23/2020
Arizona Zervas,Roxanne,1/23/2020
everything i wanted,billie eilish,1/23/2020
Don't Start Now,Dua Lipa,1/23/2020
Memories,Maroon,1/23/2020
Clandestina,Filv & Edmofo,1/23/2020
Blinding Lights,The Weeknd,1/23/2020
My Oh My,"Camila Cabello, DaBaby",1/23/2020
"The Black Eyed Peas, J Balvin",RITMO (Bad Boys For Life),1/23/2020
אגרוף,עדן בן זקן,1/23/2020
דיבור נגוע,"מרגי, סטפן לגר",2/6/2020
אל תעזבי ידיים,עקיבא,2/6/2020
"עומר אדם, נטע ברזילי",BEG,2/6/2020
במקום הכי רחוק,בניה ברבי,2/6/2020
נחכה לך,"ישי ריבו, נתן גושן",2/6/2020
Unfaithful,Dennis Lloyd,2/6/2020
אם אתה גבר,נועה קירל,2/6/2020
איתי לוי,לקחת את המפתחות,2/6/2020
Dance Monkey,Tones & I,2/6/2020
Blinding Lights,The Weeknd,2/6/2020
"Meduza, Becky Hill, Goodboys",Lose Control,2/6/2020
My Oh My,"Camila Cabello, DaBaby",2/6/2020
Clandestina,Filv & Edmofo,2/6/2020
Arizona Zervas,Roxanne,2/6/2020
everything i wanted,billie eilish,2/6/2020
Ordinary Man,"Ozzy Osbourne, Elton John",2/6/2020
Don't Start Now,Dua Lipa,2/6/2020
Phone Numbers,Dominic Fike,2/6/2020
אל תעזבי ידיים,עקיבא,2/13/2020
דיבור נגוע,"מרגי, סטפן לגר",2/13/2020
אגרוף,עדן בן זקן,2/13/2020
Dennis Lloyd,Unfaithful,2/13/2020
אם אתה גבר,נועה קירל,2/13/2020
"עומר אדם, נטע ברזילי",BEG,2/13/2020
מה עבר עלי,עדן חסון,2/13/2020
איתי לוי,לקחת את המפתחות,2/13/2020
איפה את,אליעד,2/13/2020
Blinding Lights,The Weeknd,2/13/2020
Dance Monkey,Tones & I,2/13/2020
"Meduza, Becky Hill, Goodboys",Lose Control,2/13/2020
My Oh My,"Camila Cabello, DaBaby",2/13/2020
Clandestina,Filv & Edmofo,2/13/2020
Physical,Dua Lipa,2/13/2020
Ordinary Man,"Ozzy Osbourne, Elton John",2/13/2020
everything i wanted,billie eilish,2/13/2020
Stop This Flame,Celeste,2/13/2020
Look At Her Now,Selena Gomez,2/13/2020
Further Up,"סטטיק ובן אל תבורי, פיטבול",2/20/2020
אל תעזבי ידיים,עקיבא,2/20/2020
Dennis Lloyd,Unfaithful,2/20/2020
אם אתה גבר,נועה קירל,2/20/2020
דיבור נגוע,"מרגי, סטפן לגר",2/20/2020
מה עבר עלי,עדן חסון,2/20/2020
אגרוף,עדן בן זקן,2/20/2020
איפה את,אליעד,2/20/2020
איתי לוי,לקחת את המפתחות,2/20/2020
"עומר אדם, נטע ברזילי",BEG,2/20/2020
Blinding Lights,The Weeknd,2/20/2020
Dance Monkey,Tones & I,2/20/2020
Ordinary Man,"Elton John, Ozzy Osbourne",2/20/2020
Physical,Dua Lipa,2/20/2020
My Oh My,"Camila Cabello, DaBaby",2/20/2020
"Meduza, Becky Hill, Goodboys",Lose Control,2/20/2020
Before You Go,Lewis Capaldi,2/20/2020
Clandestina,Filv & Edmofo,2/20/2020
Stop This Flame,Celeste,2/20/2020
Look At Her Now,Selena Gomez,2/20/2020
אל תעזבי ידיים,עקיבא,2/27/2020
Further Up,"סטטיק ובן אל תבורי, פיטבול",2/27/2020
דיבור נגוע,"מרגי, סטפן לגר",2/27/2020
איפה את,אליעד,2/27/2020
אם אתה גבר,נועה קירל,2/27/2020
Dennis Lloyd,Unfaithful,2/27/2020
מה עבר עלי,עדן חסון,2/27/2020
"עומר אדם, נטע ברזילי",BEG,2/27/2020
איתי לוי,לקחת את המפתחות,2/27/2020
תומר יוסף,דבש ותפוח,2/27/2020
Dance Monkey,Tones & I,2/27/2020
Blinding Lights,The Weeknd,2/27/2020
Ordinary Man,"Elton John, Ozzy Osbourne",2/27/2020
Physical,Dua Lipa,2/27/2020
Before You Go,Lewis Capaldi,2/27/2020
My Oh My,"Camila Cabello, DaBaby",2/27/2020
No Time To Die,Billie Eilish,2/27/2020
Say So,Doja Cat,2/27/2020
Stop This Flame,Celeste,2/27/2020
Look At Her Now,Selena Gomez,2/27/2020
אל תעזבי ידיים,עקיבא,3/5/2020
Further Up,"סטטיק ובן אל תבורי, פיטבול",3/5/2020
דיבור נגוע,"מרגי, סטפן לגר",3/5/2020
אם אתה גבר,נועה קירל,3/5/2020
מה עבר עלי,עדן חסון,3/5/2020
איפה את,אליעדl,3/5/2020
Unfaithful,Dennis Lloyd,3/5/2020
לקחת את המפתחות,איתי לוי,3/5/2020
דבש ותפוח,תומר יוסף ,3/5/2020
Better,עדן אלנה,3/5/2020
Blinding Lights,The Weeknd,3/5/2020
Dance Monkey,Tones & I,3/5/2020
Physical,Dua Lipa,3/5/2020
Before You Go,Lewis Capaldi,3/5/2020
No Time To Die,Billie Eilish,3/5/2020
Ordinary Man,"Elton John, Ozzy Osbourne",3/5/2020
ROSES (Imanbek Remix),SAINt JHN,3/5/2020
My Oh My,"Camila Cabello, DaBaby",3/5/2020
Say So,Doja Cat,3/5/2020
What A Man Gotta Do,Jonas Brothers,3/5/2020
אל תעזבי ידיים,עקיבא,3/12/2020
אם אתה גבר,נועה קירל,3/12/2020
דיבור נגוע,"מרגי, סטפן לגר",3/12/2020
Further Up,"סטטיק ובן אל תבורי, פיטבול",3/12/2020
Unfaithful,Dennis Lloyd,3/12/2020
מה עבר עלי,עדן חסון,3/12/2020
איפה את,אליעד,3/12/2020
לקחת את המפתחות,איתי לוי,3/12/2020
דבש ותפוח,תומר יוסף ,3/12/2020
כלום לא טעים,אלדד כהן,3/12/2020
Blinding Lights,The Weeknd,3/12/2020
Dance Monkey,Tones & I,3/12/2020
Physical,Dua Lipa,3/12/2020
No Time To Die,Billie Eilish,3/12/2020
Before You Go,Lewis Capaldi,3/12/2020
ROSES (Imanbek Remix),SAINt JHN,3/12/2020
Say So,Doja Cat,3/12/2020
Ordinary Man,"Elton John, Ozzy Osbourne",3/12/2020
My Oh My,"Camila Cabello, DaBaby",3/12/2020
What A Man Gotta Do,Jonas Brothers,3/12/2020
אל תעזבי ידיים,עקיבא,3/19/2020
דיבור נגוע,"מרגי, סטפן לגר",3/19/2020
אם אתה גבר,נועה קירל,3/19/2020
Feker Libi,עדן אלנה,3/19/2020
אם תרצי,חנן בן ארי,3/19/2020
Further Up,"סטטיק ובן אל תבורי, פיטבול",3/19/2020
אפה את,אליעד,3/19/2020
דבש ותפוח,תומר יוסף,3/19/2020
כלום לא טעים,אלדד כהן,3/19/2020
Blinding Lights,The Weeknd,3/19/2020
Dance Monkey,Tones & I,3/19/2020
Physical,Dua Lipa,3/19/2020
Say So,Doja Cat,3/19/2020
ROSES (Imanbek Remix),SAINt JHN,3/19/2020
No Time To Die,Billie Eilish,3/19/2020
Before You Go,Lewis Capaldi,3/19/2020
Ordinary Man,"Elton John, Ozzy Osbourne",3/19/2020
Stupid Love,Lady Gaga,3/19/2020
Moral of the Story,Ashe,3/19/2020
אם תרצי,חנן בן ארי,3/26/2020
אל תעזבי ידיים,עקיבא,3/26/2020
אם אתה גבר,נועה קירל,3/26/2020
Feker Libi,עדן אלנה,3/26/2020
Further Up,"סטטיק ובן אל תבורי, פיטבול",3/26/2020
דיבור נגוע,"מרגי, סטפן",3/26/2020
כלום לא טעים,אלדד כהן,3/26/2020
איפה את,אליעד,3/26/2020
מה עבר עלי,עדן חסון,3/26/2020
WE,"סטטיק ובן אל תבורי, מירי מסיקה",3/26/2020
Blinding Lights,The Weeknd,3/26/2020
Dance Monkey,Tones & I,3/26/2020
Say So,Doja Cat,3/26/2020
Physical,Dua Lipa,3/26/2020
ROSES (Imanbek Remix),SAINt JHN,3/26/2020
No Time To Die,Billie Eilish,3/26/2020
Before You Go,Lewis Capaldi,3/26/2020
Stupid Love,Lady Gaga,3/26/2020
Moral of the Story,Ashe,3/26/2020
Ordinary Man,"Elton John, Ozzy Osbourne",3/26/2020
אם תרצי,חנן בן ארי,4/2/2020
אל תעזבי ידיים,עקיבא,4/2/2020
Feker Libi,עדן אלנה,4/2/2020
אם אתה גבר,נועה קירל,4/2/2020
מה עבר עלי,עדן חסון,4/2/2020
כלום לא טעים,אלדד כהן,4/2/2020
Further Up,"סטטיק ובן אל תבורי, פיטבול",4/2/2020
דיבור נגוע,"מרגי, סטפן",4/2/2020
WE,"סטטיק ובן אל תבורי, מירי מסיקה",4/2/2020
איפה את,אליעד,4/2/2020
Blinding Lights,The Weeknd,4/2/2020
Say So,Doja Cat,4/2/2020
Physical,Dua Lipa,4/2/2020
Dance Monkey,Tones & I,4/2/2020
ROSES (Imanbek Remix),SAINt JHN,4/2/2020
Before You Go,Lewis Capaldi,4/2/2020
No Time To Die,Billie Eilish,4/2/2020
Stupid Love,Lady Gaga,4/2/2020
Moral of the Story,Ashe,4/2/2020
The Other Side,"Justin Timberlake, SZA",4/2/2020
אם תרצי,חנן בן ארי,4/16/2020
אל תעזבי ידיים,עקיבא,4/16/2020
Feker Libi,עדן אלנה,4/16/2020
אם אתה גבר,נועה קירל,4/16/2020
מה עבר עלי,עדן חסון,4/16/2020
כלום לא טעים,אלדד כהן,4/16/2020
Further Up,"סטטיק ובן אל תבורי, פיטבול",4/16/2020
דיבור נגוע,"מרגי, סטפן",4/16/2020
WE,"סטטיק ובן אל תבורי, מירי מסיקה",4/16/2020
איפה את,אליעד,4/16/2020
Blinding Lights,The Weeknd,4/16/2020
Say So,Doja Cat,4/16/2020
Physical,Dua Lipa,4/16/2020
Dance Monkey,Tones & I,4/16/2020
ROSES (Imanbek Remix),SAINt JHN,4/16/2020
Before You Go,Lewis Capaldi,4/16/2020
No Time To Die,Billie Eilish,4/16/2020
Stupid Love,Lady Gaga,4/16/2020
Moral of the Story,Ashe,4/16/2020
The Other Side,"Justin Timberlake, SZA",4/16/2020
אם תרצי,חנן בן ארי,4/23/2020
את חסרה לי,עדן חסון,4/23/2020
אל תעזבי ידיים,עקיבא,4/23/2020
Feker Libi,עדן אלנה,4/23/2020
כתר מלוכה,ישי ריבו,4/23/2020
"שלומי שבת, אליעד נחום",מורידים את הירח,4/23/2020
כלום לא טעים,אלדד כהן,4/23/2020
אם אתה גבר,נועה קירל,4/23/2020
WE,"סטטיק ובן אל תבורי, מירי מסיקה",4/23/2020
להמשיך ללכת ,גיא ויהל,4/23/2020
Blinding Lights,The Weeknd,4/23/2020
Dua Lipa,Break My Heart,4/23/2020
ROSES (Imanbek Remix),SAINt JHN,4/23/2020
Dance Monkey,Tones & I,4/23/2020
Physical,Dua Lipa,4/23/2020
Say So,Doja Cat,4/23/2020
In your Eyes,The Weeknd,4/23/2020
The Other Side,"Justin Timberlake, SZA",4/23/2020
Moral of the Story,Ashe,4/23/2020
Stupid Love,Lady Gaga,4/23/2020
אם תרצי,חנן בן ארי,4/30/2020
עדן חסון,את חסרה לי,4/30/2020
אל תעזבי ידיים,עקיבא,4/30/2020
Feker Libi,עדן אלנה,4/30/2020
כתר מלוכה,ישי ריבו,4/30/2020
"שלומי שבת, אליעד נחום",מורידים את הירח,4/30/2020
כלום לא טעים,אלדד כהן,4/30/2020
אם אתה גבר,נועה קירל,4/30/2020
WE,"סטטיק ובן אל תבורי, מירי מסיקה",4/30/2020
גיא ויהל,להמשיך ללכת,4/30/2020
Blinding Lights,The Weeknd,4/30/2020
Dua Lipa,Break My Heart,4/30/2020
ROSES (Imanbek Remix),SAINt JHN,4/30/2020
Dance Monkey,Tones & I,4/30/2020
Physical,Dua Lipa,4/30/2020
Say So,Doja Cat,4/30/2020
In your Eyes,The Weeknd,4/30/2020
The Other Side,"Justin Timberlake, SZA",4/30/2020
Moral of the Story,Ashe,4/30/2020
Stupid Love,Lady Gaga,4/30/2020
את חסרה לי,עדן חסון,5/7/2020
אם תרצי,חנן בן ארי,5/7/2020
כתר מלוכה,ישי ריבו,5/7/2020
מורידים את הירח,"שלומי שבת , אליעד",5/7/2020
בניה ברבי,קחי את הפחדים,5/7/2020
עדן אלנה,Feker Libi,5/7/2020
אל תעזבי ידיים,עקיבא,5/7/2020
להמשיך ללכת,גיא ויהל,5/7/2020
כלום לא טעים,אלדד כהן,5/7/2020
WE,"סטטיק ובן אל תבורי, מירי מסיקה",5/7/2020
Break My Heart,Dua Lipa,5/7/2020
Blinding Lights,The Weekend,5/7/2020
Toosie Slide,Drake,5/7/2020
Roses (Imanbek Remix),SAINt JHN,5/7/2020
Physical,Dua Lipa,5/7/2020
Dance Monkey,Tones & I,5/7/2020
Say so,Doja Cat,5/7/2020
In Your Eyes,The Weekend,5/7/2020
The Other Side,"SZA , Justin Timberlake",5/7/2020
Moral of the story,Ashe,5/7/2020
את חסרה לי,עדן חסון,5/14/2020
אם תרצי,חנן בן ארי,5/14/2020
כתר מלוכה,ישי ריבו,5/14/2020
מורידים את הירח,"שלומי שבת , אליעד",5/14/2020
כלום לא טעים,אלדד כהן,5/14/2020
להמשיך ללכת,גיא ויהל,5/14/2020
לא יוצא למסיבות,מרגי,5/14/2020
Feker Libi,עדן אלנה,5/14/2020
WE,"סטטיק ובן אל תבורי, מירי מסיקה",5/14/2020
Toosie Slide,Drake,5/14/2020
Break My Heart,Dua Lipa,5/14/2020
Blinding Lights,The Weekend,5/14/2020
Roses (Imanbek Remix),SAINt JHN,5/14/2020
Say so,Doja Cat,5/14/2020
Physical,Dua Lipa,5/14/2020
Dance Monkey,Tones & I,5/14/2020
In Your Eyes,The Weekend,5/14/2020
MAMACITA,"The Black Eyed Peas, Ozuna, J Rey Soul",5/14/2020
Moral of the story,Ashe,5/14/2020
את חסרה לי,עדן חסון,5/21/2020
אם תרצי,חנן בן ארי,5/21/2020
מורידים את הירח,"שלומי שבת , אליעד",5/21/2020
כתר מלוכה,ישי ריבו,5/21/2020
להמשיך ללכתאלדד כהן - כלום לא טעים,גיא ויהל,5/21/2020
כלום לא טעים,אלדד כהן,5/21/2020
קחי את הפחדים,בניה ברבי,5/21/2020
לא יוצא למסיבות,מרגי,5/21/2020
פשוטים,עקיבא,5/21/2020
Feker Libi,עדן אלנה,5/21/2020
Toosie Slide,Drake,5/21/2020
Break My Heart,Dua Lipa,5/21/2020
Blinding Lights,The Weekend,5/21/2020
Roses (Imanbek Remix),SAINt JHN,5/21/2020
MAMACITA,"The Black Eyed Peas, Ozuna, J Rey Soul",5/21/2020
Say so,Doja Cat,5/21/2020
Dance Monkey,Tones & I,5/21/2020
In Your Eyes,The Weekend,5/21/2020
Saved My Life,Sia,5/21/2020
Boyfriend,Mabel,5/21/2020
עדן חסון,את חסרה לי,6/4/2020
לא יוצא למסיבות,מרגי,6/4/2020
קחי את הפחדים,בניה ברבי,6/4/2020
חנן בן ארי,אם תרצי,6/4/2020
ואז את תראי,"דולי ופן, דיקלה, עידן רפאל חביב",6/4/2020
"שלומי שבת , אליעד",מורידים את הירח,6/4/2020
Cuckoo,Netta,6/4/2020
פשוטים,עקיבא,6/4/2020
שבוע טוב,אברהם טל,6/4/2020
הולכת יחפה,איתי לוי,6/4/2020
Toosie Slide,Drake,6/4/2020
Roses (Imanbek Remix),SAINt JHN,6/4/2020
MAMACITA,"The Black Eyed Peas, Ozuna, J Rey Soul",6/4/2020
Blinding Lights,The Weekend,6/4/2020
Break My Heart,Dua Lipa,6/4/2020
Death bed (coffee for your head),"Powfu, beabadoobee",6/4/2020
Dance Monkey,Tones & I,6/4/2020
Boyfriend,Mabe,6/4/2020
Stuck With U,"Ariana Grande, Justin Bieber",6/4/2020
Saved My Life,Sia,6/4/2020
לא יוצא למסיבות,מרגי,6/11/2020
ואז את תראי,"דולי ופן, דיקלה, עידן רפאל חביב",6/11/2020
עדן חסון,את חסרה לי,6/11/2020
קחי את הפחדים,בניה ברבי,6/11/2020
חנן בן ארי,אם תרצי,6/11/2020
Cuckoo,Netta,6/11/2020
פשוטים,עקיבא,6/11/2020
שבוע טוב,אברהם טל,6/11/2020
המזרח התיכון,עברי לידר,6/11/2020
הולכת יחפה,איתי לוי,6/11/2020
Toosie Slide,Drake,6/11/2020
Roses (Imanbek Remix),SAINt JHN,6/11/2020
MAMACITA,"The Black Eyed Peas, Ozuna, J Rey Soul",6/11/2020
Blinding Lights,The Weekend,6/11/2020
Breaking Me,"Topic, AS",6/11/2020
Death bed (coffee for your head),"Powfu, beabadoobee",6/11/2020
Boyfriend,Mabe,6/11/2020
Rain On Me,"Lady Gaga, Ariana Grande",6/11/2020
Dance Monkey,Tones & I,6/11/2020
Stuck With U,"Ariana Grande, Justin Bieber",6/11/2020
ואז את תראי,"דולי ופן, דיקלה, עידן רפאל חביב",6/18/2020
לא יוצא למסיבות,מרגי,6/18/2020
Cuckoo,Netta,6/18/2020
שבוע טוב,אברהם טל,6/18/2020
המזרח התיכון,עברי לידר,6/18/2020
עדן חסון,את חסרה לי,6/18/2020
קחי את הפחדים,בניה ברבי,6/18/2020
מליון דולר,נועה קירל,6/18/2020
פשוטים,עקיבא,6/18/2020
הולכת יחפה,איתי לוי,6/18/2020
MAMACITA,"The Black Eyed Peas, Ozuna, J Rey Soul",6/18/2020
Toosie Slide,Drake,6/18/2020
Rain On Me,"Lady Gaga, Ariana Grande",6/18/2020
Breaking Me,"Topic, AS",6/18/2020
Roses (Imanbek Remix),SAINt JHN,6/18/2020
Blinding Lights,The Weekend,6/18/2020
Death bed (coffee for your head),"Powfu, beabadoobee",6/18/2020
Boyfriend,Mabe,6/18/2020
Watermelon Sugar,Harry Styles,6/18/2020
Stuck With U,"Ariana Grande, Justin Bieber",6/18/2020
ואז את תראי,"דולי ופן, דיקלה, עידן רפאל חביב",6/28/2020
לא יוצא למסיבות,מרגי,6/28/2020
המזרח התיכון,עברי לידר,6/28/2020
שבוע טוב,אברהם טל,6/28/2020
Cuckoo,Netta,6/28/2020
מליון דולר,נועה קירל,6/28/2020
Alien,Dennis Lloyd,6/28/2020
חצי בשבילי,איתי לוי,6/28/2020
כמה אני אוהב אותך,גיא מזיג,6/28/2020
פשוטים,עקיבא,6/28/2020
MAMACITA,"The Black Eyed Peas, Ozuna, J Rey Soul",6/28/2020
Rain On Me,"Lady Gaga, Ariana Grande",6/28/2020
Breaking Me,"Topic, AS",6/28/2020
Toosie Slide,Drake,6/28/2020
Roses (Imanbek Remix),SAINt JHN,6/28/2020
Watermelon Sugar,Harry Styles,6/28/2020
Death bed (coffee for your head),"Powfu, beabadoobee",6/28/2020
Kings & Queens,Ava Max,6/28/2020
Boyfriend,Mabe,6/28/2020
Savage (Remix),"Megan Thee Stallion, Beyonc?",6/28/2020
מליון דולר,נועה קירל,7/9/2020
ואז את תראי,"דולי ופן, דיקלה, עידן רפאל חביב",7/9/2020
Alien,Dennis Lloyd,7/9/2020
חצי בשבילי,איתי לוי,7/9/2020
המזרח התיכון,עברי לידר,7/9/2020
זוט עני,אלה לי,7/9/2020
כמה אני אוהב אותך,גיא מזיג,7/9/2020
חביב אלבי,"סטטיק ובן אל תבורי, נסרין קדרי",7/9/2020
שבוע טוב,אברהם טל,7/9/2020
אל תגיד,נוי פדלון,7/9/2020
Rain On Me,"Lady Gaga, Ariana Grande",7/9/2020
Breaking Me,"Topic, AS",7/9/2020
Watermelon Sugar,Harry Styles,7/9/2020
Kings & Queens,Ava Max,7/9/2020
MAMACITA,"The Black Eyed Peas, Ozuna, J Rey Soul",7/9/2020
Savage (Remix),"Megan Thee Stallion, Beyonc?",7/9/2020
Toosie Slide,Drake,7/9/2020
Banana (DJ FLe,"Minisiren Remix) - Conkarah, Shaggy",7/9/2020
Rockstar,"DaBaby, Roddy Ricch",7/9/2020
TKN,"Rosalia, Travis Scott",7/9/2020
זוט עני,אלה לי,7/16/2020
חצי בשבילי,איתי לוי,7/16/2020
ואז את תראי,"דולי ופן, דיקלה, עידן רפאל חביב",7/16/2020
כמה אני אוהב אותך,גיא מזיג,7/16/2020
תל אביב זה אני ואת,"אמיר ובן, ג'יין בורדו",7/16/2020
חביב אלבי,"סטטיק ובן אל תבורי, נסרין קדרי",7/16/2020
"עוד יום (שיר הנושא תאג""ד )",Full Trunk,7/16/2020
אל תגיד,נוי פדלון,7/16/2020
Watermelon Sugar,Harry Styles,7/16/2020
Breaking Me,"Topic, AS",7/16/2020
Rain On Me,"Lady Gaga, Ariana Grande",7/16/2020
Kings & Queens,Ava Max,7/16/2020
Savage (Remix),"Megan Thee Stallion, Beyonc?",7/16/2020
Banana (DJ FLe,"Minisiren Remix) - Conkarah, Shaggy",7/16/2020
Rockstar,"DaBaby, Roddy Ricch",7/16/2020
TKN,"Rosalia, Travis Scott",7/16/2020
Savage Love (Laxes,Siren Beat) - Jason Derulo & Jawsh,7/16/2020
X,"Jonas Brothers, KAROL G",7/16/2020
מליון דולר,נועה קירל,7/23/2020
זוט עני,אלה לי,7/23/2020
Alien,Dennis Lloyd,7/23/2020
חצי בשבילי,איתי לוי,7/23/2020
תל אביב זה אני ואת,"אמיר ובן, ג'יין בורדו",7/23/2020
"עוד יום (שיר הנושא תאג""ד )",Full Trunk,7/23/2020
איפה הימים,איתן פלד,7/23/2020
חביב אלבי,"סטטיק ובן אל תבורי, נסרין קדרי",7/23/2020
בחלומות שלנו,"דודו אהרון, עדן מאירי",7/23/2020
אל תגיד,נוי פדלון,7/23/2020
Watermelon Sugar,Harry Styles,7/23/2020
Breaking Me,"Topic, AS",7/23/2020
Rockstar,"DaBaby, Roddy Ricch",7/23/2020
Rain On Me,"Lady Gaga, Ariana Grande",7/23/2020
Kings & Queens,Ava Max,7/23/2020
Savage (Remix),"Megan Thee Stallion, Beyonc?",7/23/2020
Savage Love (Laxes,Siren Beat) - Jason Derulo & Jawsh,7/23/2020
TKN,"Rosalia, Travis Scott",7/23/2020
Banana (DJ FLe,"Minisiren Remix) - Conkarah, Shaggy",7/23/2020
X,"Jonas Brothers, KAROL G",7/23/2020
שלמים,עידן רפאל חביב,8/20/2020
זוט עני,אלה לי,8/20/2020
סיבובים,עדן חסון,8/20/2020
תל אביב זה אני ואת,"אמיר ובן, ג'יין בורדו",8/20/2020
חביב אלבי,"סטטיק ובן אל תבורי, נסרין קדרי",8/20/2020
בחלומות שלנו,"דודו אהרון, עדן מאירי",8/20/2020
קוקוריקו,"עומר אדם, עדן בן זקן",8/20/2020
"עוד יום (שיר הנושא תאג""ד )",Full Trunk,8/20/2020
איפה הימים,איתן פלד,8/20/2020
למה ככה עצובה,"עידן רייכל, סתיו בגר",8/20/2020
Watermelon Sugar,Harry Styles,8/20/2020
Savage Love (Laxes,Siren Beat) - Jason Derulo & Jawsh,8/20/2020
Rockstar,"DaBaby, Roddy Ricch",8/20/2020
My Future,Billie Eilish,8/20/2020
exile,"Taylor Swift, Bon Iver",8/20/2020
TKN,"Rosalia, Travis Scott",8/20/2020
Kings & Queens,Ava Max,8/20/2020
Come & Go,"Juice WRLD, Marshmello",8/20/2020
Banana (DJ FLe,"Minisiren Remix) - Conkarah, Shaggy",8/20/2020
Savage (Remix),"Megan Thee Stallion, Beyonce",8/20/2020
שלמים,עידן רפאל חביב,8/27/2020
סיבובים,עדן חסון,8/27/2020
תל אביב זה אני ואת,"אמיר ובן, ג'יין בורדו",8/27/2020
בחלומות שלנו,"דודו אהרון, עדן מאירי",8/27/2020
זוט עני,אלה לי,8/27/2020
קוקוריקו,"עומר אדם, עדן בן זקן",8/27/2020
"עוד יום (שיר הנושא תאג""ד )",Full Trunk,8/27/2020
איפה הימים,איתן פלד,8/27/2020
למה ככה עצובה,"עידן רייכל, סתיו בגר",8/27/2020
נהיה בסדר,ספיר סבן,8/27/2020
Watermelon Sugar,Harry Styles,8/27/2020
Rockstar,"DaBaby, Roddy Ricch",8/27/2020
Savage Love (Laxes,Siren Beat) - Jason Derulo & Jawsh,8/27/2020
My Future,Billie Eilish,8/27/2020
exile,"Taylor Swift, Bon Iver",8/27/2020
Come & Go,"Juice WRLD, Marshmello",8/27/2020
Jerusalema,"Master KG, Nomcebo",8/27/2020
WAP,"Cardi B, Megan Thee Stallion",8/27/2020
TKN,"Rosalia, Travis Scott",8/27/2020
I See Red,Everybody Loves An Outlaw,8/27/2020
שלמים,עידן רפאל חביב,9/3/2020
סיבובים,עדן חסון,9/3/2020
בחלומות שלנו,"דודו אהרון, עדן מאירי",9/3/2020
תל אביב זה אני ואת,"אמיר ובן, ג'יין בורדו",9/3/2020
רסיסים,רביב כנר,9/3/2020
קוקוריקו,"עומר אדם, עדן בן זקן",9/3/2020
למה ככה עצובה,"עידן רייכל, סתיו בגר",9/3/2020
נהיה בסדר,ספיר סבן,9/3/2020
איפה הימים,איתן פלד,9/3/2020
פרפרים,כרקוקלי,9/3/2020
Watermelon Sugar,Harry Styles,9/3/2020
Rockstar,"DaBaby, Roddy Ricch",9/3/2020
Savage Love (Laxes,Siren Beat) - Jason Derulo & Jawsh,9/3/2020
exile,"Taylor Swift, Bon Iver",9/3/2020
WAP,"Cardi B, Megan Thee Stallion",9/3/2020
Jerusalema,"Master KG, Nomcebo",9/3/2020
My Future,Billie Eilish,9/3/2020
Come & Go,"Juice WRLD, Marshmello",9/3/2020
Dynamite,BTS,9/3/2020
I See Red,Everybody Loves An Outlaw,9/3/2020
רסיסים,רביב כנר,9/24/2020
שלמים,עידן רפאל חביב,9/24/2020
סיבובים,עדן חסון,9/24/2020
ג'וני,בר צברי,9/24/2020
בחלומות שלנו,"דודו אהרון, עדן מאירי",9/24/2020
תל אביב זה אני ואת,"אמיר ובן, ג'יין בורדו",9/24/2020
אמבולנס,"נועה קירל, מרגי",9/24/2020
פרפרים,כרקוקלי,9/24/2020
שרק תחייך,יובל דיין,9/24/2020
למה ככה עצובה,"עידן רייכל, סתיו בגר",9/24/2020
Watermelon Sugar,Harry Styles,9/24/2020
Rockstar,"DaBaby, Roddy Ricch",9/24/2020
WAP,"Cardi B, Megan Thee Stallion",9/24/2020
Dynamite,BTS,9/24/2020
Jerusalema,"Master KG, Nomcebo",9/24/2020
Savage Love (Laxes,Siren Beat) - Jason Derulo & Jawsh,9/24/2020
My Future,Billie Eilish,9/24/2020
Midnight Sky,Miley Cyrus,9/24/2020
Head & Heart,"Joel Corry, MNEK",9/24/2020
Come & Go,"Juice WRLD, Marshmello",9/24/2020
רסיסים,רביב כנר,10/1/2020
שלמים,עידן רפאל חביב,10/1/2020
סיבובים,עדן חסון,10/1/2020
ג'וני,בר צברי,10/1/2020
בחלומות שלנו,"דודו אהרון, עדן מאירי",10/1/2020
תל אביב זה אני ואת,"אמיר ובן, ג'יין בורדו",10/1/2020
אמבולנס,"נועה קירל, מרגי",10/1/2020
פרפרים,כרקוקלי,10/1/2020
שרק תחייך,יובל דיין,10/1/2020
למה ככה עצובה,"עידן רייכל, סתיו בגר",10/1/2020
Watermelon Sugar,Harry Styles,10/1/2020
Rockstar,"DaBaby, Roddy Ricch",10/1/2020
WAP,"Cardi B, Megan Thee Stallion",10/1/2020
Dynamite,BTS,10/1/2020
Jerusalema,"Master KG, Nomcebo",10/1/2020
Savage Love (Laxes,Siren Beat) - Jason Derulo & Jawsh,10/1/2020
My Future,Billie Eilish,10/1/2020
Midnight Sky,Miley Cyrus,10/1/2020
Head & Heart,"Joel Corry, MNEK",10/1/2020
Come & Go,"Juice WRLD, Marshmello",10/1/2020
רסיסים,רביב כנר,10/15/2020
ג׳וני,בר צברי,10/15/2020
שלמים,עידן רפאל חביב,10/15/2020
סיבובים,עדן חסון,10/15/2020
שרק תחייך,יובל דיין,10/15/2020
לחזור הביתה,התקווה,10/15/2020
פרפרים,האחיות כרקוקלי,10/15/2020
כל היום,"הראל סקעת, אניה בוקשטיין",10/15/2020
אמבולנס,"נועה קירל, מרגי",10/15/2020
ביחד,"מארינה מקסימיליאן, גיא מענטש",10/15/2020
Watermelon Sugar,Harry Styles,10/15/2020
Take You Dancing,Jason Derulo,10/15/2020
Dynamite,BTS,10/15/2020
My Future,Billie Eilish,10/15/2020
WAP,"Cardi B, Megan Thee Stallion",10/15/2020
Midnight Sky,Miley Cyrus,10/15/2020
Jerusalema,"Master KG, Nomcebo",10/15/2020
Savage Love (Laxes,Siren Beat) - Jason Derulo & Jawsh,10/15/2020
Holy,"Justin Bieber, Chance The Rapper",10/15/2020
Rockstar,"DaBaby, Roddy Ricch",10/15/2020
רסיסים,רביב כנר,10/22/2020
ג׳וני,בר צברי,10/22/2020
שלמים,עידן רפאל חביב,10/22/2020
סיבובים,עדן חסון,10/22/2020
שרק תחייך,יובל דיין,10/22/2020
לחזור הביתה,התקווה,10/22/2020
פרפרים,האחיות כרקוקלי,10/22/2020
כל היום,"הראל סקעת, אניה בוקשטיין",10/22/2020
אמבולנס,"נועה קירל, מרגי",10/22/2020
ביחד,"מארינה מקסימיליאן, גיא מענטש",10/22/2020
Watermelon Sugar,Harry Styles,10/22/2020
Take You Dancing,Jason Derulo,10/22/2020
Dynamite,BTS,10/22/2020
My Future,Billie Eilish,10/22/2020
WAP,"Cardi B, Megan Thee Stallion",10/22/2020
Midnight Sky,Miley Cyrus,10/22/2020
Jerusalema,"Master KG, Nomcebo",10/22/2020
Savage Love (Laxes,Siren Beat) - Jason Derulo & Jawsh,10/22/2020
Holy,"Justin Bieber, Chance The Rapper",10/22/2020
Rockstar,"DaBaby, Roddy Ricch",10/22/2020
רסיסים,רביב כנר,11/5/2020
שלמים,עידן רפאל חביב,11/5/2020
שרק תחייך,יובל דיין,11/5/2020
ג׳וני,בר צברי,11/5/2020
סיבובים,עדן חסון,11/5/2020
לחזור הביתה,התקווה,11/5/2020
ביחד,"מארינה מקסימיליאן, גיא מענטש",11/5/2020
הנשיקות שלי,עומר אדם,11/5/2020
אמבולנס,"נועה קירל, מרגי",11/5/2020
כל היום,"הראל סקעת, אניה בוקשטיין",11/5/2020
Watermelon Sugar,Harry Styles,11/5/2020
Take You Dancing,Jason Derulo,11/5/2020
Positions,Ariana Grande,11/5/2020
Midnight Sky,Miley Cyrus,11/5/2020
Dynamite,BTS,11/5/2020
Let's Love,"David Guetta, Sia",11/5/2020
My Future,Billie Eilish,11/5/2020
WAP,"Cardi B, Megan Thee Stallion",11/5/2020
Holy,"Justin Bieber, Chance The Rapper",11/5/2020
Mood,"kGolden, Iann Dior",11/5/2020
רסיסים,רביב כנר,11/19/2020
שרק תחייך,יובל דיין,11/19/2020
ג׳וני,בר צברי,11/19/2020
הנשיקות שלי,עומר אדם,11/19/2020
שלמים,עידן רפאל חביב,11/19/2020
ביחד,"מארינה מקסימיליאן, גיא מנטש",11/19/2020
אור הירח,"יסמין מועלם, טונה",11/19/2020
לחזור הביתה,התקווה,11/19/2020
סיבובים,עדן חסון,11/19/2020
חיים מאושרים,"נתן גושן, עדן בן זקן",11/19/2020
Positions,Ariana Grande,11/19/2020
Take You Dancing,Jason Derulo,11/19/2020
Midnight Sky,Miley Cyrus,11/19/2020
Watermelon Sugar,Harry Styles,11/19/2020
Let’s Love,"Sia, David Guetta",11/19/2020
Mood,"kGolden, Iann Dior",11/19/2020
Holy,"Justin Bieber , Chance The Rapper",11/19/2020
Lemonade,"Internet Money, Gunna, Don Toliver, Nav",11/19/2020
Diamonds,Sam Smith,11/19/2020
Dynamite,BTS,11/19/2020
שרק תחייך,יובל דיין,11/26/2020
רסיסים,רביב כנר,11/26/2020
אלה לי,מה אתה רוצה?,11/26/2020
הנשיקות שלי,עומר אדם,11/26/2020
ג׳וני,בר צברי,11/26/2020
אור הירח,"יסמין מועלם, טונה",11/26/2020
ביחד,"מארינה מקסימיליאן, גיא מנטש",11/26/2020
שלמים,עידן רפאל חביב,11/26/2020
חיים מאושרים,"נתן גושן, עדן בן זקן",11/26/2020
לחזור הביתה,התקווה,11/26/2020
Positions,Ariana Grande,11/26/2020
Take You Dancing,Jason Derulo,11/26/2020
Mood,"kGolden, Iann Dior",11/26/2020
Holy,"Justin Bieber , Chance The Rapper",11/26/2020
Midnight Sky,Miley Cyrus,11/26/2020
Watermelon Sugar,Harry Styles,11/26/2020
Lemonade,"Internet Money, Gunna, Don Toliver, Nav",11/26/2020
Let’s Love,"Sia, David Guetta",11/26/2020
"Justin Bieber, Benny Blanco",Lonely,11/26/2020
Diamonds,Sam Smith,11/26/2020
רביב כנר,רסיסים,12/3/2020
יובל דיין,שרק תחייך,12/3/2020
אלה לי,מה אתה רוצה,12/3/2020
בר צברי,ג'וני,12/3/2020
"יסמין מועלם , טונה",אור הירח,12/3/2020
עומר אדם,הנשיקות שלי,12/3/2020
"עדן בן זקן , נתן גושן",חיים מאושרים,12/3/2020
"מארינה מקסימילאן, גיא מנטש",ביחד,12/3/2020
צמאה לאהבה,לירן דנינו,12/3/2020
"סטטיק ובן אל תבורי, Black Eyed Peas",Shake Ya Boom Boom,12/3/2020
Ariana Grande,Positions,12/3/2020
Jason Derulo,Take You Dancing,12/3/2020
Miley Cyrus,Midnight Sky,12/3/2020
"kGolden, Iann Dior",Mood,12/3/2020
"Justin Bieber, Benny Blanco",Lonely,12/3/2020
"Justin Bieber, Chance The Rapper",Holy,12/3/2020
"David Guetta, Sia",Let's Love,12/3/2020
Billie Eilish,Therefore I Am,12/3/2020
"Internet Money, Gunna, Don Toliver, Nav",Lemonade,12/3/2020
Sam Smith,Diamonds,12/3/2020
רביב כנר,רסיסים,12/10/2020
מה אתה רוצה ?,אלה לי,12/10/2020
שרק תחייך,יובל דיין,12/10/2020
חיים מאושרים,"נתן גושן, עדן בן זקן",12/10/2020
שקיעות אדומות,עדן חסון,12/10/2020
אמן על הילדים,חנן בן ארי,12/10/2020
אור הירח,"יסמין מועלם, טונה",12/10/2020
אור,אודיה,12/10/2020
צמאה לאהבה,לירן דנינו,12/10/2020
"סטטיק ובן אל תבורי, Black Eyed Peas",Shake Ya Boom Boom,12/10/2020
Positions,Ariana Grande,12/10/2020
"Justin Bieber, Benny Blanco",Lonely,12/10/2020
Billie Eilish,Therefore I Am,12/10/2020
Take You Dancing,Jason Derulo,12/10/2020
Mood,"kGolden, Iann Dior",12/10/2020
Midnight Sky,Miley Cyrus,12/10/2020
Let’s Love,"Sia, David Guetta",12/10/2020
"Miley Cyrus, Dua Lipa",Prisoner,12/10/2020
Holy,"Justin Bieber , Chance The Rapper",12/10/2020
Lemonade,"I+A1508:B1523nternet Money, Gunna, Don Toliver, Nav",12/10/2020
רביב כנר,רסיסים,12/17/2020
מה אתה רוצה ?,אלה לי,12/17/2020
שרק תחייך,יובל דיין,12/17/2020
חיים מאושרים,"נתן גושן, עדן בן זקן",12/17/2020
שקיעות אדומות,עדן חסון,12/17/2020
אמן על הילדים,חנן בן ארי,12/17/2020
אור הירח,"יסמין מועלם, טונה",12/17/2020
אור,אודיה,12/17/2020
צמאה לאהבה,לירן דנינו,12/17/2020
"סטטיק ובן אל תבורי, Black Eyed Peas",Shake Ya Boom Boom,12/17/2020
Positions,Ariana Grande,12/17/2020
"Justin Bieber, Benny Blanco",Lonely,12/17/2020
Billie Eilish,Therefore I Am,12/17/2020
Take You Dancing,Jason Derulo,12/17/2020
Mood,"kGolden, Iann Dior",12/17/2020
Midnight Sky,Miley Cyrus,12/17/2020
Let’s Love,"Sia, David Guetta",12/17/2020
"Miley Cyrus, Dua Lipa",Prisoner,12/17/2020
Holy,"Justin Bieber , Chance The Rapper",12/17/2020
רסיסים,רביב כנר,12/24/2020
? מה אתה רוצה,אלה לי,12/24/2020
שרק תחייך,יובל דיין,12/24/2020
אמן על הילדים,חנן בן ארי,12/24/2020
חיים מאושרים,"נתן גושן, עדן בן זקן",12/24/2020
שקיעות אדומות,עדן חסון,12/24/2020
אור,אודיה,12/24/2020
אור הירח,"יסמין מועלם, טונה",12/24/2020
Shake Ya Boom Boom,"סטטיק ובן אל תבורי, Black Eyed Peas",12/24/2020
נשמה שלי,עידן חביב,12/24/2020
Positions,Ariana Grande,12/24/2020
Lonely,"Justin Bieber, Benny Blanco",12/24/2020
Therefore I Am,Billie Eilish,12/24/2020
Mood,"kGolden, Iann Dior",12/24/2020
Midnight Sky,Miley Cyrus,12/24/2020
Take You Dancing,Jason Derulo,12/24/2020
Holy,"Justin Bieber , Chance The Rapper",12/24/2020
Cold,Chris Stapelton,12/24/2020
Prisoner,"Miley Cyrus, Dua Lipa",12/24/2020
Lemonade,"Internet Money, Gunna, Don Toliver, Nav",12/24/2020
רסיסים,רביב כנר,1/7/2021
"נתן גושן, עדן בן זקן",חיים מאושרים,1/7/2021
מה אתה רוצה ?,אלה לי,1/7/2021
רוצה שלום,רביב כנר,1/7/2021
חנן בן ארי,אמן על הילדים,1/7/2021
אודיה,אור,1/7/2021
יובל דיין,שרק תחייך,1/7/2021
עדן חסון,שקיעות אדומות,1/7/2021
נשמה שלי,עידן חביב,1/7/2021
אל תבואי אליי,מכלוף,1/7/2021
Lonely,"Justin Bieber, Benny Blanco",1/7/2021
Ariana Grande,Positions,1/7/2021
"kGolden, Iann Dior",Mood,1/7/2021
Therefore I Am,Billie Eilish,1/7/2021
Miley Cyrus,Midnight Sky,1/7/2021
Cold,Chris Stapelton,1/7/2021
Jason Derulo,Take You Dancing,1/7/2021
D?kiti,"Bad Bunny, Jhay Cortez",1/7/2021
Save Your Tears,The Weeknd,1/7/2021
Prisoner,"Miley Cyrus, Dua Lipa",1/7/2021
רסיסים,רביב כנר,1/14/2021
מה אתה רוצה ?,אלה לי,1/14/2021
רוצה שלום,רביב כנר,1/14/2021
"נתן גושן, עדן בן זקן",חיים מאושרים,1/14/2021
חנן בן ארי,אמן על הילדים,1/14/2021
עדן חסון,שקיעות אדומות,1/14/2021
נשמה שלי,עידן חביב,1/14/2021
אודיה,אור,1/14/2021
אין סוף ללילה,קרן פלס,1/14/2021
אל תבואי אליי,מכלוף,1/14/2021
Lonely,"Justin Bieber, Benny Blanco",1/14/2021
Therefore I Am,Billie Eilish,1/14/2021
Ariana Grande,Positions,1/14/2021
"kGolden, Iann Dior",Mood,1/14/2021
Save Your Tears,The Weeknd,1/14/2021
Monster,"Shawn Mendes, Justin Bieber",1/14/2021
Jason Derulo,Take You Dancing,1/14/2021
Willow,Taylor Swift,1/14/2021
Cold,Chris Stapelton,1/14/2021
D?kiti,"Bad Bunny, Jhay Cortez",1/14/2021
רוצה שלום,רביב כנר,1/21/2021
מה אתה רוצה ?,אלה לי,1/21/2021
רסיסים,רביב כנר,1/21/2021
שקיעות אדומות,עדן חסון,1/21/2021
"נתן גושן, עדן בן זקן",חיים מאושרים,1/21/2021
חנן בן ארי,אמן על הילדים,1/21/2021
נשמה שלי,עידן חביב,1/21/2021
אין סוף ללילה,קרן פלס,1/21/2021
הכל מהתחלה,ים רפאלי,1/21/2021
אודיה,אור,1/21/2021
Lonely,"Justin Bieber, Benny Blanco",1/21/2021
Ariana Grande,Positions,1/21/2021
Save Your Tears,The Weeknd,1/21/2021
Therefore I Am,Billie Eilish,1/21/2021
Monster,"Shawn Mendes, Justin Bieber",1/21/2021
Mood,"kGolden, Iann Dior",1/21/2021
drivers license,Olivia Rodrigo,1/21/2021
Willow,Taylor Swift,1/21/2021
Jason Derulo,Take You Dancing,1/21/2021
Cold,Chris Stapelton,1/21/2021
רוצה שלום,רביב כנר,1/28/2021
מה אתה רוצה ?,אלה לי,1/28/2021
רסיסים,רביב כנר,1/28/2021
שקיעות אדומות,עדן חסון,1/28/2021
"נתן גושן, עדן בן זקן",חיים מאושרים,1/28/2021
חנן בן ארי,אמן על הילדים,1/28/2021
נשמה שלי,עידן חביב,1/28/2021
אין סוף ללילה,קרן פלס,1/28/2021
הכל מהתחלה,ים רפאלי,1/28/2021
אודיה,אור,1/28/2021
Lonely,"Justin Bieber, Benny Blanco",1/28/2021
Ariana Grande,Positions,1/28/2021
Save Your Tears,The Weeknd,1/28/2021
Therefore I Am,Billie Eilish,1/28/2021
Monster,"Shawn Mendes, Justin Bieber",1/28/2021
Mood,"kGolden, Iann Dior",1/28/2021
drivers license,Olivia Rodrigo,1/28/2021
Willow,Taylor Swift,1/28/2021
Jason Derulo,Take You Dancing,1/28/2021
רוצה שלום,רביב כנר,2/11/2021
שקיעות אדומות,עדן חסון,2/11/2021
נשמה שלי,עידן חביב,2/11/2021
מה אתה רוצה ?,אלה לי,2/11/2021
חיים מאושרים,"נתן גושן, עדן בן זקן",2/11/2021
Anxious,Dennis Lloyd,2/11/2021
רסיסים,רביב כנר,2/11/2021
הכל מההתחלה,ים רפאלי,2/11/2021
אמן על הילדים,חנן בן ארי,2/11/2021
עוד אחד ששר לך,"עילי בוטנר, גיא מזיג",2/11/2021
Save Your Tears,The Weeknd,2/11/2021
Positions,Ariana Grande,2/11/2021
Drivers License,Olivia Rodrigo,2/11/2021
Lonely,"Justin Bieber, Benny Blanco",2/11/2021
Therefore I Am,Billie Eillish,2/11/2021
Monster,"Shawn Mendes, Justin Bieber",2/11/2021
Willow,Taylor Swift,2/11/2021
Afterglow,Ed Sheeran,2/11/2021
Heather,Conan Gray,2/11/2021
Mood,"KGolden, Iann Dior",2/11/2021
נשמה שלי,עידן חביב,2/25/2021
רוצה שלום,רביב כנר,2/25/2021
שקיעות אדומות,עדן חסון,2/25/2021
חיים מאושרים,"נתן גושן, עדן בן זקן",2/25/2021
חתולים,"ג'ימבו ג'יי, רביד פלוטניק",2/25/2021
Anxious,Dennis Lloyd,2/25/2021
מה אתה רוצה ?,אלה לי,2/25/2021
למה זה נגמר,דודו אהרון ועדן מאירי,2/25/2021
עוד אחד ששר לך,"עילי בוטנר, גיא מזיג",2/25/2021
End of The Road,Noga Erez,2/25/2021
Save Your Tears,The weekend,2/25/2021
Drivers License,Olivia Rodrigo,2/25/2021
Therefore I Am,Billie Eillish,2/25/2021
Monster,"Shawn Mendes, Justin Bieber",2/25/2021
Lonely,"Justin Bieber, Benny Blanco",2/25/2021
Willow,Taylor Swift,2/25/2021
Positions,Ariana Grande,2/25/2021
Afterglow,Ed Sheeran,2/25/2021
Astronaut In The Ocean,Masked Wolf,2/25/2021
Bang!,AJR,2/25/2021
