song_name,song_artist,track_id,weeks,genre,danceability,energy,key,loudness,mode,speechiness,acousticness,instrumentalness,liveness,valence,tempo
bassa sababa,netta,36hJ4qWU3bx0IqDPxxusg6,"['2/21/2019', '2/28/2019', '3/7/2019', '3/14/2019', '3/21/2019']","['eurovision', 'israeli pop']",0.716,0.774,3,-4.451,0,0.0843,0.0116,0,0.119,0.741,123.942
יאסו,"סטטיק, בן אל תבורי, עדן בן זקן, סטפן לגר",1XhmGf2ItpIcll24AeKZ6r,"['2/21/2019', '2/28/2019', '3/7/2019', '3/14/2019', '3/21/2019', '3/28/2019']","['israeli mediterranean', 'israeli pop']",0.795,0.787,11,-5.165,0,0.0864,0.147,0.00000187,0.4,0.507,97.037
סוודר,נוי פדלון,0G9ng0k0PVkiAAFDLOujiS,"['2/21/2019', '2/28/2019', '3/7/2019', '3/14/2019']",['israeli mediterranean'],0.6,0.438,7,-7.162,1,0.0457,0.746,0,0.147,0.22,127.788
באתי לחלום,נתן גושן,0fHqGVs897kRSCPiWBgiNc,"['2/21/2019', '2/28/2019', '3/7/2019']",['israeli pop'],0.363,0.72,5,-6.612,0,0.113,0.173,0,0.0822,0.376,171.863
קירות,איתי לוי,0ZFQYK9u8C1nGLXXb4y17W,"['2/21/2019', '2/28/2019']",['israeli mediterranean'],0.78,0.569,0,-7.822,0,0.068,0.395,0,0.184,0.5,123.03
הזוג הזה,מרגי,4wsc8OzliQP9P2ZiuevaBn,"['2/21/2019', '2/28/2019', '3/7/2019', '3/14/2019', '3/21/2019', '3/28/2019', '4/4/2019', '4/11/2019', '4/18/2019']","['israeli hip hop', 'israeli trap']",0.766,0.551,8,-10.247,0,0.0601,0.0865,0,0.0627,0.887,109.999
תגידי לי שטוב לך,עומר אדם,5USjMSf2G7LTsY0bvKHdT4,['2/21/2019'],"['israeli mediterranean', 'israeli pop', 'mizrahi']",0.607,0.503,2,-7.406,1,0.0703,0.446,0,0.173,0.473,135.606
הלב שלי,ישי ריבו,7556sPhMiUgR8bh0WakpcG,"['2/21/2019', '2/28/2019', '3/7/2019', '3/14/2019', '3/21/2019', '3/28/2019', '4/4/2019', '4/11/2019', '4/18/2019', '5/16/2019']",['israeli pop'],0.41,0.375,1,-7.013,0,0.0288,0.828,0.00000514,0.11,0.318,128.861
מה את מרגישה,עידן עמדי,2B9M3TbpXWZGupKfAoufUp,"['2/21/2019', '2/28/2019', '3/7/2019', '3/14/2019']",['israeli pop'],0.651,0.692,7,-7.276,0,0.115,0.831,0.0000269,0.27,0.703,122.049
בנאדם,אמיר דדון,0914KNPQ08ZV2wAT4NovtN,['2/21/2019'],"['classic israeli pop', 'israeli pop', 'israeli rock']",0.469,0.542,11,-7.536,1,0.0241,0.152,0.00078,0.107,0.261,81.3
rings,Ariana Grande,3UqFmzKsAxGI8ROE8oViVC,"['2/21/2019', '2/28/2019', '3/7/2019', '3/14/2019', '3/21/2019', '3/28/2019', '4/4/2019', '4/11/2019']","['dance pop', 'pop', 'post-teen pop']",0.343,0.277,1,-19.837,0,0.0481,0.978,0.886,0.104,0.35,98.487
high hopes,panic! at the disco,1rqqCSm0Qe4I9rUvWncaom,"['2/21/2019', '2/28/2019', '3/7/2019']","['baroque pop', 'emo', 'modern rock']",0.579,0.904,5,-2.729,1,0.0618,0.193,0,0.064,0.681,82.014
sweet but psycho,ava max,7DnAm9FOTWE3cUvso43HhI,"['2/21/2019', '2/28/2019', '3/7/2019', '3/14/2019', '3/21/2019']","['dance pop', 'pop']",0.72,0.706,1,-4.719,1,0.0473,0.0684,0,0.166,0.62,133.002
without me,halsey,5p7ujcrUXASCNwRaWNHR1C,"['2/21/2019', '2/28/2019', '3/7/2019', '3/14/2019', '3/21/2019']","['ohio hip hop', 'pop rap']",0.752,0.488,6,-7.05,1,0.0705,0.297,0.00000911,0.0936,0.533,136.041
giant,"calvin harris, rag'n'bone man",3SIv9LIQ63IgXTOkhZV349,"['2/21/2019', '2/28/2019', '3/7/2019', '3/14/2019', '3/21/2019']","['dance pop', 'edm', 'electro house', 'house', 'pop', 'pop dance', 'progressive house', 'uk dance']",0.668,0.186,4,-14.909,1,0.0497,0.981,0.000148,0.107,0.48,153.345
goca dunya,altin gun,5QO3UJc1gF1ummP75n2b3R,"['2/21/2019', '2/28/2019', '3/7/2019', '3/14/2019']","['dutch indie', 'turkish psych']",0.738,0.683,4,-5.099,0,0.0622,0.0485,0.000728,0.0692,0.802,97.484
nothing breaks like a heart,"mark ronson, miley cyrus",27rdGxbavYJeBphck5MZAF,['2/21/2019'],"['dance pop', 'neo soul', 'pop', 'pop dance']",0.601,0.794,7,-5.844,0,0.0671,0.00987,0.00000136,0.388,0.244,114.066
detstvo,rauf & faik,0F4nUm4maedCEd5D6YdJw1,"['2/21/2019', '2/28/2019', '3/7/2019', '3/14/2019', '3/21/2019', '3/28/2019', '4/4/2019', '4/11/2019']",['russian pop'],0.636,0.284,9,-8.167,1,0.0324,0.338,0,0.376,0.754,119.566
mercy,"mo, two feet, what so not",0AS63m1wHv9n4VVRizK6Hc,['2/21/2019'],"['art pop', 'dance pop', 'danish pop', 'electropop', 'indie poptimism', 'pop', 'pop dance', 'tropical house']",0.555,0.662,11,-4.952,0,0.0827,0.125,0,0.111,0.356,148.128
juice,lizzo,7FIWs0pqAYbP91WWM0vlTQ,"['2/21/2019', '2/28/2019']","['dance pop', 'escape room', 'minnesota hip hop', 'pop', 'pop dance', 'pop rap', 'trap queen']",0.808,0.745,10,-5.26,0,0.342,0.145,0,0.292,0.829,165.995
Drum,נועה קירל,1KLdNGpZTNhedjfuqeB9GE,"['2/28/2019', '3/7/2019', '3/14/2019', '3/21/2019', '3/28/2019', '4/4/2019', '4/11/2019', '4/18/2019']",['israeli pop'],0.693,0.821,10,-4.606,0,0.0383,0.00377,0,0.0858,0.391,95.028
Never Go Back,Dennis Lloyd,2QrXzOqLCVDRZHkToA0tSR,"['2/28/2019', '3/7/2019', '3/14/2019', '3/21/2019', '3/28/2019', '4/4/2019', '4/11/2019', '4/18/2019']","['israeli pop', 'tropical house']",0.421,0.653,9,-4.85,0,0.398,0.0135,0,0.114,0.733,78.6
swan song,dua lipa,0jOnZhF75V68VsBObWx2XO,"['2/28/2019', '3/7/2019', '3/14/2019']","['dance pop', 'pop', 'pop dance', 'uk pop']",0.169,0.0161,9,-31.034,0,0.0442,0.986,0.86,0.0805,0.0573,128.143
Movement,Hozier,0SFq19lgG4qbQAZaNZ3xhO,"['2/28/2019', '3/7/2019']","['irish singer-songwriter', 'modern rock', 'pop']",0.381,0.502,1,-5.505,0,0.0368,0.16,0.0000698,0.0842,0.147,144.3
מילים שהייתי אומר רק לך,ים רפאלי,3STPNDGQKfFAYVnjaV387a,"['3/7/2019', '3/14/2019', '3/21/2019', '3/28/2019', '4/4/2019', '4/11/2019']",['israeli pop'],0.448,0.41,11,-7.092,0,0.0394,0.649,0,0.0969,0.339,139.916
dancing with a stranger,"sam smith, normani",6Qs4SXO9dwPj5GKvVOv8Ki,"['3/7/2019', '3/14/2019', '3/21/2019', '3/28/2019', '4/4/2019', '4/11/2019', '4/18/2019']","['dance pop', 'pop', 'post-teen pop', 'uk pop']",0.741,0.52,8,-7.513,1,0.0656,0.45,0.00000197,0.222,0.347,102.998
וואלק,Full Trunk,0jbDy7UH81WYedRf4lS4iM,"['3/14/2019', '3/21/2019', '3/28/2019', '4/4/2019', '4/11/2019', '4/18/2019']",['israeli rock'],0.768,0.865,3,-4.531,0,0.0866,0.0906,0,0.413,0.815,92.013
When The Party's Over,Billie Eilish,43zdsphuZLzwA9k4DJhU0I,"['3/14/2019', '3/21/2019', '3/28/2019', '4/4/2019', '4/11/2019', '4/18/2019']","['electropop', 'pop']",0.367,0.111,4,-14.084,1,0.0972,0.978,0.0000397,0.0897,0.198,82.642
movement,hozier,0SFq19lgG4qbQAZaNZ3xhO,"['3/14/2019', '3/21/2019', '3/28/2019']","['irish singer-songwriter', 'modern rock', 'pop']",0.381,0.502,1,-5.505,0,0.0368,0.16,0.0000698,0.0842,0.147,144.3
home,kobi marimi,0cBPuDA3xUjR4Vh9o7CKy8,"['3/21/2019', '3/28/2019', '4/4/2019']",[],0.541,0.591,2,-6.688,1,0.0336,0.289,0.000431,0.124,0.116,111.676
אוטובוס אחרון לחיפה,"עילי בוטנר, משי קלינשטיין",3GMcMuKeSglT0p5FQAJaKT,"['3/21/2019', '3/28/2019', '4/4/2019']",['israeli pop'],0.569,0.646,0,-5.8,0,0.0449,0.288,0,0.121,0.269,134.152
con calma,daddy yankee,28fMmgw5xSYIDC09gTVYEY,"['3/21/2019', '3/28/2019', '4/4/2019', '4/11/2019', '4/18/2019', '5/16/2019', '5/23/2019', '5/30/2019', '6/6/2019', '6/13/2019', '6/20/2019']","['latin', 'reggaeton', 'reggaeton colombiano', 'trap latino']",0.737,0.86,8,-2.652,0,0.0594,0.11,0.00000194,0.0574,0.656,93.989
three hearts,alex clare,41WQDnB1uHJEvu14YUUI8x,"['3/21/2019', '3/28/2019', '4/4/2019']",['modern alternative rock'],0.941,0.495,0,-6.1,1,0.0458,0.0858,0.000806,0.0789,0.845,101.026
תגיד לי Je T'aime,עדן בן זקן,2QciwYcdJLtFYda7vIQYgs,['3/28/2019'],"['israeli mediterranean', 'israeli pop', 'mizrahi']",0.378,0.385,3,-8.941,0,0.0421,0.822,0.0562,0.103,0.206,114.912
Sucker,Jonas Brothers,22vgEDb5hykfaTwLuskFGD,"['3/28/2019', '4/4/2019', '4/18/2019', '5/16/2019', '5/23/2019']","['boy band', 'dance pop', 'pop', 'pop dance', 'pop rock', 'post-teen pop']",0.842,0.734,1,-5.065,0,0.0588,0.0427,0,0.106,0.952,137.958
Giant,"Calvin Harris, Rag'n'Bone Man",3SIv9LIQ63IgXTOkhZV349,['3/28/2019'],"['dance pop', 'edm', 'electro house', 'house', 'pop', 'pop dance', 'progressive house', 'uk dance']",0.668,0.186,4,-14.909,1,0.0497,0.981,0.000148,0.107,0.48,153.345
"Break Up With Your Girlfriend, I'm Bored",Ariana Grande,4kV4N9D1iKVxx1KLvtTpjS,"['3/28/2019', '4/4/2019', '4/11/2019', '4/18/2019']","['dance pop', 'pop', 'post-teen pop']",0.726,0.554,5,-5.29,0,0.0917,0.0421,0,0.106,0.335,169.999
תגיד לי je t'aime,עדן בן זקן,2QciwYcdJLtFYda7vIQYgs,"['4/4/2019', '4/11/2019', '4/18/2019', '5/16/2019', '5/23/2019']","['israeli mediterranean', 'israeli pop', 'mizrahi']",0.378,0.385,3,-8.941,0,0.0421,0.822,0.0562,0.103,0.206,114.912
עכשיו הלב פתוח,בניה ברבי,2UnjouMKvceTMggAGjBSYB,"['4/4/2019', '4/11/2019', '4/18/2019', '5/16/2019', '5/23/2019', '5/30/2019']","['israeli mediterranean', 'israeli pop', 'mizrahi', 'persian pop']",0.648,0.454,9,-8.915,0,0.0361,0.537,0.0000135,0.187,0.237,128.07
HP,Maluma,1LIqNVhaIgxXUt2eVoIQJ3,"['4/4/2019', '4/11/2019', '4/18/2019']","['reggaeton', 'reggaeton colombiano']",0.837,0.791,4,-3.157,0,0.0773,0.252,0.00000114,0.188,0.618,91.98
Always Remember Us This Way,Lady Gaga,2rbDhOo9Fh61Bbu23T2qCk,"['4/4/2019', '4/11/2019', '4/18/2019', '5/16/2019']","['dance pop', 'pop', 'pop dance']",0.553,0.502,0,-5.972,1,0.0409,0.299,0,0.764,0.296,129.976
מתגעגעת,נתן גושן,7esGtFDnsMBKjKKkq6QwzY,"['4/11/2019', '4/18/2019', '5/16/2019', '5/23/2019', '5/30/2019']",['israeli pop'],0.598,0.346,1,-7.23,0,0.0463,0.0339,0,0.534,0.185,137.516
גלבי,נרקיס,3x6L6PkgaO3Z3Tf9dk8NcT,"['4/11/2019', '4/18/2019']",['israeli pop'],0.379,0.419,4,-6.983,0,0.027,0.376,0.00000443,0.466,0.126,162.067
Bury a friend,Billie Eilish,4SSnFejRGlZikf02HLewEF,"['4/11/2019', '4/18/2019', '5/16/2019', '5/23/2019', '5/30/2019', '6/6/2019', '6/13/2019']","['electropop', 'pop']",0.905,0.389,8,-14.505,1,0.332,0.74,0.162,0.106,0.196,120.046
עדן חסון,כפיות,0j8Tyyr5LV22r6yVM7Lhrp,"['4/18/2019', '4/30/2020', '6/4/2020', '6/11/2020', '6/18/2020', '1/7/2021', '1/14/2021']",['israeli mediterranean'],0.517,0.401,0,-6.474,0,0.0381,0.838,0,0.126,0.625,135.212
Old Town Road (remix),"Lil Nas X, Billy Ray Cyrus",2YpeDb67231RjR0MgVLzsG,['4/18/2019'],"['country rap', 'lgbtq+ hip hop', 'pop rap', 'queer country']",0.878,0.619,6,-5.56,1,0.102,0.0533,0,0.113,0.639,136.041
365 ,"Katy Perry, Zedd",2XWjPtKdi5sucFYtVav07d,"['4/18/2019', '5/23/2019']","['complextro', 'dance pop', 'edm', 'electro house', 'electropop', 'german techno', 'pop', 'pop dance', 'post-teen pop', 'tropical house']",0.745,0.693,2,-5.479,0,0.034,0.339,0,0.123,0.248,98.039
שבט אחים ואחיות,אמני ישראל,6V9doxBqWIdHujB55uxOiL,"['5/16/2019', '5/23/2019', '5/30/2019', '6/6/2019', '6/13/2019', '6/20/2019', '6/27/2019', '7/4/2019', '7/11/2019', '7/18/2019', '7/25/2019']",,0.598,0.631,9,-7.815,0,0.0371,0.201,0,0.125,0.348,124.08
כפיות,עדן חסון,02hXZxgl6XwtAdK9y2sb6B,"['5/16/2019', '5/23/2019', '5/30/2019', '6/6/2019', '6/13/2019']",['israeli mediterranean'],0.636,0.495,11,-7.474,1,0.0446,0.506,0,0.118,0.334,119.779
never go back,dennis lloyd,2QrXzOqLCVDRZHkToA0tSR,"['5/16/2019', '5/23/2019']","['israeli pop', 'tropical house']",0.421,0.653,9,-4.85,0,0.398,0.0135,0,0.114,0.733,78.6
ממה את מפחדת,"בניה ברבי, אייל גולן",706pZPUcsKsREHM8RqHaY0,"['5/16/2019', '5/23/2019', '5/30/2019', '6/6/2019', '6/13/2019', '6/20/2019', '6/27/2019', '7/4/2019', '7/11/2019', '7/18/2019', '7/25/2019', '8/1/2019']","['israeli mediterranean', 'israeli pop', 'mizrahi', 'persian pop']",0.642,0.384,11,-8.05,0,0.0381,0.635,0,0.114,0.387,131.796
אנחנו,גיא מזיג,6gIHkRPqADJwLexCpnapuF,"['5/16/2019', '5/23/2019', '5/30/2019', '6/6/2019']",['israeli pop'],0.403,0.752,9,-3.904,0,0.0281,0.195,0,0.0873,0.425,149.927
בלילות,רותם כהן,04fay70EbEGuUNBjnUgaU8,"['5/16/2019', '5/23/2019', '5/30/2019', '6/6/2019', '6/13/2019', '6/20/2019']",['israeli mediterranean'],0.316,0.604,1,-5.352,0,0.0388,0.681,0,0.837,0.207,80.656
old town road (remix),"lil nas x, billy ray cyrus",2YpeDb67231RjR0MgVLzsG,"['5/16/2019', '5/23/2019', '5/30/2019', '6/6/2019', '6/13/2019', '6/20/2019', '6/27/2019', '7/4/2019']","['country rap', 'lgbtq+ hip hop', 'pop rap', 'queer country']",0.878,0.619,6,-5.56,1,0.102,0.0533,0,0.113,0.639,136.041
i don't care,"ed sheeran, justin bieber",3HVWdVOQ0ZA45FuZGSfvns,"['5/16/2019', '5/23/2019', '5/30/2019', '6/6/2019', '6/13/2019', '6/20/2019', '6/27/2019', '7/4/2019', '7/11/2019', '7/18/2019', '7/25/2019', '8/1/2019']","['pop', 'uk pop']",0.798,0.675,6,-5.041,1,0.0442,0.0912,0,0.0894,0.842,101.956
low key,"ally brooke, tyga",1fPYeNbEnfXwCX3bmLpIW2,"['5/16/2019', '5/23/2019', '5/30/2019', '6/6/2019']","['dance pop', 'post-teen pop']",0.81,0.611,0,-7.978,0,0.221,0.155,0,0.0739,0.679,119.956
365,"Katy Perry, Zedd",2XWjPtKdi5sucFYtVav07d,"['5/16/2019', '5/30/2019']","['complextro', 'dance pop', 'edm', 'electro house', 'electropop', 'german techno', 'pop', 'pop dance', 'post-teen pop', 'tropical house']",0.745,0.693,2,-5.479,0,0.034,0.339,0,0.123,0.248,98.039
medellin,"madonna, maluma",6mfu6jyFgvnXeTPQrYNs8d,"['5/16/2019', '5/23/2019', '5/30/2019']","['reggaeton', 'reggaeton colombiano']",0.814,0.683,1,-7.091,1,0.304,0.0596,0.0000192,0.671,0.473,91.963
jenny of oldstones,florence + the machine,1u0THw5xaGd7sYzJEh48Lt,"['5/16/2019', '5/23/2019']","['baroque pop', 'pop', 'uk alternative pop']",0.27,0.195,1,-10.653,0,0.0797,0.931,0.00000973,0.0949,0.171,46.489
הוליווד,ג'ימבו ג'יי,3X0epXt9NVsCRlXDzeqIbN,"['5/23/2019', '5/30/2019', '6/6/2019']",['israeli hip hop'],0.881,0.782,5,-4.577,0,0.14,0.222,0,0.0662,0.906,109.96
me!,"taylor swift, brendon urie",45bE4HXI0AwGZXfZtMp8JR,"['5/23/2019', '5/30/2019', '6/6/2019']","['dance pop', 'pop', 'pop dance']",0.667,0.373,4,-9.389,1,0.05,0.785,0,0.0906,0.0823,124.148
יעשו לנו כבוד,עומר אדם,2VsihNYeb8uCaxmpr7L0GZ,"['5/30/2019', '6/6/2019', '6/13/2019', '6/20/2019']","['israeli mediterranean', 'israeli pop', 'mizrahi']",0.767,0.498,11,-5.995,1,0.376,0.566,0,0.325,0.61,129.919
nana banana,netta,1d4KILXseHFJws0vA8fv2U,"['5/30/2019', '6/6/2019', '6/13/2019']","['eurovision', 'israeli pop']",0.867,0.592,1,-5.105,0,0.0551,0.127,0.0000946,0.0611,0.908,137.073
soldi,mahmood,4szQkW1CDHqbRZGltXJdd3,"['5/30/2019', '6/6/2019', '6/13/2019', '6/20/2019', '6/27/2019', '7/4/2019', '7/11/2019', '7/18/2019', '7/25/2019', '8/1/2019']",['italian pop'],0.729,0.589,3,-9.871,0,0.0483,0.0361,0,0.305,0.349,95.065
bad guy,billie eilish,2Fxmhks0bxGSBdJ92vM42m,"['5/30/2019', '6/6/2019', '6/13/2019', '6/20/2019', '6/27/2019', '7/4/2019', '7/11/2019', '7/18/2019', '7/25/2019']","['electropop', 'pop']",0.701,0.425,7,-10.965,1,0.375,0.328,0.13,0.1,0.562,135.128
אין יותר מועדונים,עדן חסון,0q3yDDxPh0k5nvgh2SPcsS,"['6/6/2019', '6/13/2019', '6/20/2019', '6/27/2019', '7/4/2019', '7/11/2019', '7/18/2019', '7/25/2019', '8/1/2019', '8/8/2019', '8/15/2019']",['israeli mediterranean'],0.612,0.61,8,-5.241,1,0.0612,0.0952,0.00000603,0.0743,0.632,89.926
חצוף,נועה קירל,5JhqGzhPRmZdY3WBOCcMEl,"['6/6/2019', '6/13/2019', '6/20/2019', '6/27/2019', '7/4/2019']",['israeli pop'],0.84,0.636,11,-7.516,1,0.0484,0.00338,0.00147,0.107,0.333,103.006
SOS,"Avicii, Aloe Blacc",6juGTugssqMlvAUSwFu6DD,"['6/6/2019', '6/13/2019', '6/20/2019', '6/27/2019', '7/4/2019', '7/11/2019', '7/18/2019']","['dance pop', 'edm', 'pop', 'pop dance']",0.802,0.646,5,-6.121,0,0.0591,0.302,0,0.118,0.389,99.978
flora cash,you're somebody else,0tfb00bYXxz6NhkEc421Y2,"['6/6/2019', '6/13/2019', '6/20/2019', '6/27/2019']","['indie pop', 'scandipop', 'swedish indie folk']",0.685,0.562,9,-10.619,0,0.0311,0.00534,0.14,0.338,0.349,128.043
שממה,אורי בן ארי,4lBl6TVdZKF7KyLVw68JfP,"['6/13/2019', '6/20/2019', '6/27/2019', '7/4/2019', '7/11/2019', '7/18/2019', '7/25/2019']",['israeli mediterranean'],0.475,0.484,7,-8.024,0,0.0446,0.493,0,0.107,0.412,139.614
Aura,Dennis Lloyd,5GoWczqfKJr4kBO93ClKa2,"['6/13/2019', '6/20/2019', '6/27/2019', '7/4/2019', '7/11/2019']","['israeli pop', 'tropical house']",0.396,0.487,1,-8.115,0,0.0327,0.0515,0,0.147,0.254,162.931
if i can't have you,shawn mendes,3e5EiBnKg5u6SBzELxuSmD,"['6/13/2019', '6/20/2019']","['canadian pop', 'dance pop', 'pop', 'post-teen pop', 'viral pop']",0.69,0.809,2,-4.198,1,0.0603,0.524,0,0.147,0.864,123.912
Piece Of Your Heart,"Meduza, Goodboys",1DFD5Fotzgn6yYXkYsKiGs,"['6/13/2019', '6/20/2019', '6/27/2019', '7/4/2019', '7/11/2019', '7/18/2019', '7/25/2019', '8/1/2019', '8/8/2019', '8/15/2019']","['edm', 'pop dance', 'pop house', 'tropical house']",0.677,0.744,10,-6.806,0,0.0295,0.0404,0.00016,0.074,0.631,124.08
טמפרטורה,"עומר אדם, richie loop",1YBHjsD9R7kEgGnXBlONjy,"['6/20/2019', '6/27/2019', '7/4/2019', '7/11/2019', '7/18/2019', '7/25/2019', '8/1/2019', '8/8/2019', '8/15/2019', '8/22/2019', '8/29/2019']","['israeli mediterranean', 'israeli pop', 'mizrahi']",0.817,0.753,8,-3.427,1,0.0497,0.0173,0.00000431,0.049,0.604,97.998
AWA, Hana Mash Hu Al Yaman,5ri4zqtWhG07hIuNNDWP76,"['6/20/2019', '6/27/2019', '7/4/2019']","['israeli indie', 'yemeni pop']",0.806,0.513,4,-6.208,1,0.0685,0.217,0,0.217,0.503,124.988
Late Night Feelings,"Mark Ronson, Lykke Li",7aQeWViSfRWSEwtJD86Eq0,"['6/20/2019', '6/27/2019', '7/4/2019']","['dance pop', 'neo soul', 'pop', 'pop dance']",0.688,0.729,4,-6.56,0,0.0573,0.437,0.00369,0.0928,0.469,110.055
שיר חדש,אברהם טל,2YPsQ3Zydd4IKP6gw9a1Fj,"['6/27/2019', '7/4/2019', '7/11/2019', '7/18/2019']",['israeli pop'],0.616,0.493,1,-8.982,0,0.0986,0.642,0,0.105,0.288,147.546
מסע,אליעד,2WBNUsV0WH7Cmjr71viWfC,"['6/27/2019', '7/4/2019', '7/11/2019', '7/18/2019', '7/25/2019', '8/1/2019', '8/8/2019', '8/15/2019', '8/22/2019', '8/29/2019', '9/5/2019', '9/12/2019', '9/19/2019', '10/3/2019']",['israeli pop'],0.803,0.664,0,-6.89,0,0.0382,0.116,0,0.0978,0.593,115.022
If I Can't Have You,Shawn Mendes,3e5EiBnKg5u6SBzELxuSmD,"['6/27/2019', '7/4/2019', '7/11/2019', '7/18/2019']","['canadian pop', 'dance pop', 'pop', 'post-teen pop', 'viral pop']",0.69,0.809,2,-4.198,1,0.0603,0.524,0,0.147,0.864,123.912
Jerome,Lizzo,5eXVvM1QCIcX8upjemrz1j,"['6/27/2019', '7/4/2019', '7/11/2019']","['dance pop', 'escape room', 'minnesota hip hop', 'pop', 'pop dance', 'pop rap', 'trap queen']",0.379,0.734,8,-5.648,0,0.204,0.188,0.00011,0.146,0.515,174.952
Stay (Don't Go Away),"David Guetta, Raye",4YhN72dRYL2Z3MsaKyT7rS,"['7/4/2019', '7/11/2019']","['big room', 'dance pop', 'edm', 'pop', 'pop dance', 'tropical house']",0.669,0.797,9,-5.68,0,0.0624,0.259,0,0.199,0.552,119.865
רודף אהבה בימים,עידן רפאל חביב,3J13LKZnpiYvcpV5kiKre0,"['7/11/2019', '7/18/2019', '7/25/2019', '8/1/2019', '8/8/2019', '8/15/2019', '8/22/2019']",['israeli singer-songwriter'],0.507,0.497,11,-8.92,0,0.0257,0.592,0.0732,0.112,0.253,95.002
A,WA - Hana Mash Hu Al Yaman,0bqwsQAkGaO0jzfzgI5iLV,['7/11/2019'],"['israeli indie', 'yemeni pop']",0.669,0.745,6,-7.679,0,0.118,0.051,0.00000398,0.107,0.439,100.963
Hola Senorita,"Maitre Gims, Maluma",5254Tvcl6Gtt9S9aWXBndd,"['7/11/2019', '7/18/2019', '7/25/2019', '8/1/2019', '8/8/2019', '8/15/2019', '8/22/2019']","['francoton', 'french hip hop', 'rap conscient']",0.726,0.801,0,-3.718,0,0.15,0.372,0,0.198,0.549,96.127
Hold Me While You Wait,Lewis Capaldi,60iSKGrGazRzICtMjADNSM,"['7/11/2019', '7/18/2019']","['pop', 'uk pop']",0.688,0.53,11,-5.507,1,0.0333,0.443,0,0.0995,0.162,106.958
כולם אותו דבר,"הראל סקעת, אושר בחתה",7fLJPZqKzpZC3Qis71mnvl,"['7/18/2019', '7/25/2019', '8/1/2019', '8/8/2019', '8/15/2019', '8/22/2019', '8/29/2019', '9/5/2019']",,0.457,0.552,3,-7.118,0,0.0584,0.175,0,0.217,0.515,193.842
נתראה בגלגול הבא,רביד פלוטניק,6FCWTPS5kNoXIV9fx0PgAQ,"['7/18/2019', '7/25/2019', '8/1/2019']",['israeli hip hop'],0.51,0.396,6,-13.945,0,0.0389,0.184,0.51,0.68,0.197,111.506
Senorita,"shawn mendes, camila cabello",0TK2YIli7K1leLovkQiNik,"['7/18/2019', '7/25/2019', '8/1/2019', '8/8/2019', '8/15/2019', '8/22/2019', '8/29/2019', '9/5/2019', '9/12/2019', '9/19/2019', '10/3/2019', '10/10/2019', '10/17/2019', '10/24/2019']","['canadian pop', 'dance pop', 'pop', 'post-teen pop', 'viral pop']",0.759,0.54,9,-6.039,0,0.0287,0.037,0,0.0945,0.75,116.947
בננות,סטטיק ובן אל תבורי,1ZHP05MoeEAxBHBs2CC2hL,"['7/25/2019', '8/1/2019', '8/8/2019']","['israeli pop', 'jewish pop']",0.823,0.849,0,-4.829,1,0.0444,0.179,0.00000868,0.0599,0.698,124.01
chlorine,twenty one pilots,23OXdR7YuUBVWh5hSnYJau,"['7/25/2019', '8/1/2019', '8/8/2019', '8/15/2019']","['modern rock', 'rock']",0.609,0.674,10,-7.388,0,0.0548,0.0735,0.06,0.345,0.315,90.009
schhh,mahmut orhan,0Cv3w0j8YqO45I2Z4wwbzX,"['7/25/2019', '8/1/2019', '8/8/2019', '8/15/2019', '8/22/2019', '8/29/2019']",[],0.557,0.712,6,-5.32,0,0.0358,0.328,0.00000369,0.097,0.215,97.023
Nights,Dominic Fike,0ct6r3EGTcMLPtrXHDvVjc,"['7/25/2019', '8/1/2019', '8/8/2019']","['alternative pop rock', 'alternative r&b', 'pop']",0.527,0.835,6,-5.298,1,0.0433,0.0166,0,0.249,0.654,125.983
לך עם האמת שלך,עדן מאירי,6WoWEuJGRAYhcr25pc4Fhw,"['8/1/2019', '8/8/2019', '8/15/2019', '8/22/2019', '8/29/2019', '9/5/2019', '9/12/2019', '9/19/2019', '10/3/2019', '10/10/2019', '10/17/2019']","['israeli mediterranean', 'israeli pop', 'mizrahi']",0.605,0.589,4,-5.75,0,0.0324,0.153,0,0.261,0.26,127.947
echoes,lola marsh,4TlMFjPFreMOKKoWAjHARr,"['8/1/2019', '8/8/2019', '8/15/2019', '8/22/2019', '8/29/2019', '9/5/2019', '9/12/2019', '9/19/2019', '10/3/2019']","['israeli indie', 'new americana']",0.488,0.901,10,-4.08,0,0.0356,0.00196,0.681,0.126,0.623,141.992
goodbyes,"post malone, young thug",1mXVgsBdtIVeCLJnSnmtdV,"['8/1/2019', '8/8/2019', '8/15/2019', '8/22/2019', '8/29/2019', '9/5/2019', '9/12/2019']","['dfw rap', 'melodic rap', 'rap']",0.681,0.372,5,-8.237,1,0.0432,0.64,0,0.169,0.476,91.873
עדיין ילד,אמיר דדון,0Z4glMgWU9yLyfzE0ruKZM,"['8/8/2019', '8/15/2019', '8/22/2019', '8/29/2019']","['classic israeli pop', 'israeli pop', 'israeli rock']",0.607,0.437,9,-6.881,0,0.0551,0.293,0,0.214,0.448,132.994
beautiful people,"ed sheeran, khalid",4evmHXcjt3bTUHD1cvny97,"['8/8/2019', '8/15/2019', '8/22/2019', '8/29/2019', '9/5/2019', '9/12/2019', '9/19/2019', '10/3/2019']","['pop', 'uk pop']",0.64,0.648,5,-8.113,0,0.187,0.124,0,0.0802,0.548,92.977
Numb,dotan,5HNCy40Ni5BZJFw1TKzRsC,"['8/8/2019', '8/15/2019', '8/22/2019', '8/29/2019', '9/5/2019', '9/12/2019', '9/19/2019', '10/3/2019', '10/10/2019']","['dance pop', 'edm', 'electro house', 'pop', 'pop dance', 'tropical house']",0.472,0.366,11,-12.595,0,0.0286,0.15,0.308,0.0837,0.171,127.167
לופ,אמיר ובן,7tImrXmRIweI55NttxJOk6,"['8/15/2019', '8/22/2019', '8/29/2019']",['israeli pop'],0.538,0.652,0,-7.206,1,0.071,0.245,0,0.403,0.539,83.695
How Do You Sleep?,Sam Smith,6b2RcmUt1g9N9mQ3CbjX2Y,"['8/15/2019', '8/22/2019', '8/29/2019', '9/5/2019', '9/12/2019', '9/19/2019', '10/3/2019', '10/10/2019']","['dance pop', 'pop', 'post-teen pop', 'uk pop']",0.477,0.682,1,-4.931,0,0.0925,0.153,0,0.0763,0.345,110.567
מי אני,קרן פלס,225AIfJYNycuNrZCTHjiyO,"['8/22/2019', '8/29/2019', '9/5/2019', '9/12/2019', '9/19/2019', '10/3/2019']",['israeli singer-songwriter'],0.623,0.408,1,-8.941,1,0.0275,0.56,0.00181,0.0947,0.372,86.989
Loco Contigo,"DJ Snake, J Balvin, Tyga",6osaMSJh9NguagEDQcZaKx,"['8/22/2019', '8/29/2019', '9/5/2019', '9/12/2019', '9/19/2019', '10/3/2019', '10/10/2019', '10/17/2019', '10/24/2019']","['dance pop', 'edm', 'electronic trap', 'pop', 'pop dance']",0.694,0.758,11,-2.986,1,0.218,0.278,0.00000134,0.102,0.371,192.091
Higher Love,"Kygo, Whitney Houston",6oJ6le65B3SEqPwMRNXWjY,['8/22/2019'],"['edm', 'pop', 'pop dance', 'tropical house']",0.693,0.678,8,-7.159,1,0.0324,0.0154,0.00000605,0.101,0.404,103.952
חזרי אלי,נתן גושן,2hZFuu7Nn4kbHozvDyy0BX,"['8/29/2019', '9/5/2019', '9/12/2019', '9/19/2019', '10/3/2019', '10/10/2019', '10/17/2019', '10/24/2019', '11/7/2019', '11/14/2019']",['israeli pop'],0.484,0.321,7,-7.779,0,0.0316,0.667,0,0.187,0.358,127.658
Boyfriend,"Ariana Grande, Social House",1tWgOr4bHpdYEX9sILhJ0J,"['8/29/2019', '9/5/2019', '9/12/2019', '5/21/2020', '6/4/2020', '6/11/2020', '6/18/2020', '6/28/2020']","['dance pop', 'pop', 'post-teen pop']",0.716,0.547,10,-6.059,0,0.0507,0.0344,0.00184,0.0931,0.362,96.977
Panini,Lil Nas X,1000nHvUdawXuUHgBod4Wv,['8/29/2019'],"['country rap', 'lgbtq+ hip hop', 'pop rap', 'queer country']",0.703,0.594,5,-6.146,0,0.0752,0.342,0,0.123,0.475,153.848
Heliocentric,Blueberry,6O8IWP4asahBUNY1RZkITq,"['9/5/2019', '9/12/2019', '9/19/2019', '10/3/2019', '10/10/2019', '10/17/2019', '10/24/2019']","['melodic rap', 'rap conscient', 'trap', 'vapor trap']",0.52,0.6,6,-6.645,0,0.0286,0.22,0,0.162,0.367,132.8
רוקדים צמודים,ג'יין בורדו,7lUDcFMpOnFEpfSixlCWUc,"['9/5/2019', '9/12/2019']",['israeli pop'],0.557,0.625,4,-8.079,1,0.0348,0.0528,0.00000581,0.591,0.578,74.992
יש יופי,"חמי רודנר, יאיר הררי",13SbDpaUmhR4pzO0vjqQP2,"['9/5/2019', '9/12/2019']","['classic israeli pop', 'israeli rock']",0.516,0.769,10,-4.342,0,0.051,0.373,0,0.0826,0.651,80.024
lalala,"yk, bbno$",51Fjme0JiitpyXKuyQiCDo,"['9/5/2019', '9/12/2019', '9/19/2019', '10/3/2019', '10/10/2019', '10/17/2019', '10/24/2019', '11/7/2019']",,0.843,0.391,2,-7.899,1,0.0845,0.181,0,0.137,0.496,129.972
lover,taylor swift,4lZ4KQxar3CBzwTjNpV6lw,"['9/5/2019', '9/12/2019', '9/19/2019', '10/3/2019']","['dance pop', 'pop', 'pop dance']",0.797,0.605,5,-5.123,0,0.0578,0.0827,0.00000344,0.124,0.448,110.024
לרקוד עם דמעות בעיניים,"עברי לידר, דיג'יי תומר מייזנר, נועה קירל",2XxnaUUACnu3BOlyPPJLDF,"['9/12/2019', '9/19/2019', '10/3/2019', '10/10/2019', '10/17/2019', '10/24/2019', '11/7/2019', '11/14/2019', '11/21/2019', '11/28/2019', '12/5/2019']",,0.812,0.794,9,-4.544,1,0.0425,0.162,0.0000094,0.0749,0.604,128.008
אחת כמוני,לירן דנינו,2BmYBeZOsPPg2OfRmg8rMo,"['9/19/2019', '10/3/2019', '10/10/2019', '10/17/2019', '10/24/2019', '11/7/2019', '11/14/2019', '11/21/2019']",['israeli pop'],0.664,0.293,3,-10.021,0,0.0381,0.816,0,0.263,0.316,127.793
שבועיים,"דיקלה, מרק קקון",6Pe9LIkWZ28BuAA3NYlLCl,"['9/19/2019', '10/3/2019', '10/10/2019', '10/17/2019', '10/24/2019', '11/7/2019', '11/14/2019']",,0.698,0.391,6,-8.242,0,0.0464,0.793,0,0.0768,0.492,80.998
Truth Hurts,Lizzo,3HWzoMvoF3TQfYg4UPszDq,"['9/19/2019', '10/3/2019', '10/10/2019', '10/17/2019', '10/24/2019', '11/7/2019', '11/14/2019']","['dance pop', 'escape room', 'minnesota hip hop', 'pop', 'pop dance', 'pop rap', 'trap queen']",0.715,0.624,4,-3.046,0,0.114,0.11,0,0.123,0.412,158.087
Only Human,Jonas Brothers,0DiDStADDVh3SvAsoJAFMk,"['9/19/2019', '10/3/2019', '10/10/2019', '10/17/2019', '10/24/2019', '11/7/2019']","['boy band', 'dance pop', 'pop', 'pop dance', 'pop rock', 'post-teen pop']",0.795,0.496,0,-5.883,1,0.0722,0.108,0,0.0645,0.874,94.01
אני רוצה,עידן עמדי,2iU9qCpLP3urxsq32yY5jc,"['10/10/2019', '10/17/2019', '10/24/2019', '11/7/2019']",['israeli pop'],0.632,0.499,2,-7.975,0,0.0313,0.788,0,0.199,0.332,105.876
בין קודש לחול,"אמיר דדון, שולי רנד",3V1FEnWwoN0pt2n4F6JrNx,"['10/10/2019', '10/17/2019', '10/24/2019', '11/7/2019', '11/14/2019', '11/21/2019', '11/28/2019', '12/5/2019', '12/12/2019']","['classic israeli pop', 'israeli pop', 'israeli rock']",0.382,0.375,8,-8.051,1,0.0313,0.763,0,0.144,0.338,90.82
הכל שקוף,מרגי,7kRiFShzUQm2J7YgCkDHma,"['10/10/2019', '10/17/2019', '10/24/2019', '11/7/2019', '11/14/2019', '11/21/2019', '11/28/2019']","['israeli hip hop', 'israeli trap']",0.712,0.458,2,-8.223,0,0.124,0.34,0.0000141,0.132,0.411,115.973
Reste,"Gims, Sting",1CGzjyk03OOysbuohQ7D2k,"['10/10/2019', '10/17/2019', '10/24/2019', '11/7/2019', '11/14/2019', '11/21/2019', '11/28/2019']","['permanent wave', 'soft rock', 'sophisti-pop']",0.747,0.539,5,-7.14,0,0.0471,0.488,0,0.104,0.698,100.017
Circles,Post Malone,21jGcNKet2qwijlDFuPiPb,"['10/10/2019', '10/17/2019', '10/24/2019', '11/7/2019', '11/14/2019', '11/21/2019', '11/28/2019', '12/5/2019', '12/12/2019']","['dfw rap', 'melodic rap', 'rap']",0.695,0.762,0,-3.497,1,0.0395,0.192,0.00244,0.0863,0.553,120.042
Don't Call Me Angel,"Ariana Grande, Miley Cyrus, Lana Del Rey",6zegtH6XXd2PDPLvy1Y0n2,"['10/10/2019', '10/17/2019', '10/24/2019', '11/7/2019', '11/14/2019']","['dance pop', 'pop', 'post-teen pop']",0.644,0.755,1,-5.325,1,0.0448,0.00237,0.00000764,0.0859,0.334,102.861
all the good girls go to hell,Billie Eilish,6IRdLKIyS4p7XNiP8r6rsx,"['10/17/2019', '10/24/2019']","['electropop', 'pop']",0.726,0.444,8,-8.922,0,0.372,0.283,0.143,0.177,0.569,185.044
Once,Liam Gallagher,4kP69y3GKHi9tXckfgp4bK,"['10/17/2019', '10/24/2019', '11/7/2019']","['britpop', 'modern rock', 'rock']",0.524,0.519,6,-11.903,1,0.043,0.195,0,0.523,0.847,110.121
אומר דברים בשקט,אורן ברזילי,5vg3lrVZ0jYaQ8odcxugjc,['10/24/2019'],['israeli rock'],0.57,0.537,7,-5.553,1,0.027,0.583,0,0.104,0.41,84.018
מאושרים,"דולי ופן, לירן דנינו, נועה קירל",5bfyO9R6raJctlhVpXzPG4,"['11/7/2019', '11/14/2019', '11/21/2019', '11/28/2019', '12/5/2019', '12/12/2019', '12/19/2019', '1/2/2020', '1/9/2020', '1/16/2020', '1/23/2020']",['israeli pop'],0.673,0.427,6,-7.629,0,0.0458,0.143,0.000112,0.105,0.393,113.556
שמש,חנן בן ארי,3AmiMUDY8duiOiCYoRnjQ2,"['11/7/2019', '11/14/2019', '11/21/2019', '11/28/2019', '12/5/2019', '12/12/2019', '12/19/2019', '1/2/2020']",['israeli pop'],0.496,0.418,7,-8.809,0,0.0358,0.575,0,0.0906,0.109,124.351
Wild West,Dennis Lloyd,3UqQUExRt3YlS4PNo5Thtq,"['11/7/2019', '11/14/2019', '11/21/2019', '11/28/2019', '12/5/2019', '12/12/2019', '1/2/2020']","['israeli pop', 'tropical house']",0.849,0.799,7,-5.301,0,0.0377,0.0403,0,0.087,0.561,108.056
Dance Monkey,Tones & I,2XU0oxnq2qxCpomAAuJY8K,"['11/7/2019', '11/14/2019', '11/21/2019', '11/28/2019', '12/5/2019', '12/12/2019', '12/19/2019', '1/2/2020', '1/9/2020', '1/16/2020', '1/23/2020', '2/6/2020', '2/13/2020', '2/20/2020', '2/27/2020', '3/5/2020', '3/12/2020', '3/19/2020', '3/26/2020', '4/2/2020', '4/16/2020', '4/23/2020', '4/30/2020', '5/7/2020', '5/14/2020', '5/21/2020', '6/4/2020', '6/11/2020']","['australian pop', 'pop']",0.824,0.588,6,-6.4,0,0.0924,0.692,0.000104,0.149,0.513,98.027
Someone You Loved,Lewis Capaldi,7qEHsqek33rTcFNT9PFqLf,"['11/7/2019', '11/14/2019', '11/21/2019', '11/28/2019', '12/5/2019', '12/12/2019', '12/19/2019', '1/2/2020']","['pop', 'uk pop']",0.501,0.405,1,-5.679,1,0.0319,0.751,0,0.105,0.446,109.891
Barrio,Mahmood,5dgFb0dVXQgRyL6HUuhgYK,"['11/7/2019', '11/14/2019', '11/21/2019', '11/28/2019']",['italian pop'],0.615,0.928,1,-3.711,0,0.172,0.348,0,0.197,0.927,184.901
סיבה לברוח,גיא ויהל,0XkHW5Pmd3YLPIcaHTn4Q5,"['11/14/2019', '11/21/2019', '11/28/2019', '12/5/2019', '12/12/2019']",[],0.529,0.493,9,-6.972,0,0.0714,0.0819,0.00000112,0.106,0.226,83.621
Lights Up,Harry Styles,4jAIqgrPjKLTY9Gbez25Qb,"['11/14/2019', '11/21/2019', '11/28/2019']","['pop', 'post-teen pop']",0.575,0.621,10,-8.165,0,0.032,0.0392,0.0045,0.141,0.27,101.987
Teeth,5 Seconds Of Summer,26wLOs3ZuHJa2Ihhx6QIE6,"['11/14/2019', '11/21/2019', '11/28/2019']","['boy band', 'dance pop', 'electropop', 'pop', 'post-teen pop']",0.749,0.461,10,-2.961,0,0.0416,0.0516,0.00000624,0.0738,0.42,139.02
Ride It,Regard,2tnVG71enUj33Ic2nFN6kZ,"['11/14/2019', '11/21/2019', '11/28/2019', '12/5/2019', '12/12/2019']","['dance pop', 'pop', 'pop dance', 'post-teen pop', 'tropical house', 'uk contemporary r&b', 'uk pop']",0.88,0.751,7,-4.258,0,0.0874,0.177,0.0000643,0.106,0.884,117.948
כתוב מלמעלה,עידן רייכל,595ojjhl4tSnHU32pQbU7l,"['11/21/2019', '11/28/2019', '12/5/2019', '12/12/2019', '12/19/2019', '1/2/2020']","['afropop', 'malian blues', 'world']",0.645,0.681,8,-5.898,1,0.0589,0.039,0,0.0897,0.792,155.997
Don't Start Now,Dua Lipa,6o6urrgOIVbIzzmO4KJHCO,"['11/21/2019', '11/28/2019', '12/5/2019', '12/12/2019', '12/19/2019', '1/2/2020', '1/9/2020', '1/16/2020', '1/23/2020', '2/6/2020']","['dance pop', 'pop', 'pop dance', 'uk pop']",0.498,0.185,11,-12.205,0,0.0484,0.876,0.459,0.237,0.707,78.775
Orphans,Coldplay,6muOWhMh7Tf0UFUtMDBhUR,"['11/21/2019', '11/28/2019', '1/2/2020', '1/9/2020']","['permanent wave', 'pop']",0.503,0.808,11,-5.051,0,0.0451,0.0258,0.00149,0.557,0.282,107.973
Lola Marsh,Only For A Moment,2rmk4LsLFzVll7ceG3V2wq,"['11/28/2019', '12/5/2019', '12/12/2019']","['israeli indie', 'new americana']",0.825,0.484,4,-9.095,0,0.0301,0.677,0.00925,0.141,0.557,112.028
אגרוף,עדן בן זקן,2DSBoOVLqBdNXZKSJBdtBN,"['12/5/2019', '12/12/2019', '12/19/2019', '1/2/2020', '1/9/2020', '1/16/2020', '1/23/2020', '1/23/2020', '2/13/2020', '2/20/2020']","['israeli mediterranean', 'israeli pop', 'mizrahi']",0.534,0.525,5,-8.763,0,0.0585,0.544,0.000132,0.208,0.278,120.014
Maroon,Memories,6bIPHR8AJG5HAcn9oF21Ma,"['12/5/2019', '12/12/2019', '12/19/2019']","['pop', 'pop rock']",0.412,0.34,7,-14.836,1,0.0294,0.386,0.574,0.12,0.144,74.212
Arizona Zervas,ROXANNE,1fFeUjQPUG8AoUiFUhwe7m,"['12/5/2019', '12/12/2019', '12/19/2019', '1/2/2020', '1/9/2020', '1/16/2020', '1/23/2020', '2/6/2020']","['pop rap', 'rhode island rap']",0.803,0.51,11,-6.747,1,0.0964,0.427,0.0000233,0.113,0.36,86.011
Coldplay,Orphans,5J8m6w5VmswbMBYUAFf44t,"['12/5/2019', '12/12/2019', '12/19/2019']","['permanent wave', 'pop']",0.631,0.871,9,-5.703,1,0.0585,0.000635,0.00775,0.545,0.293,125.022
"The Black Eyed Peas, J Balvin",RITMO (Bad Boys For Life),0oRbbkv5YDM5BgGJwraEyn,"['12/12/2019', '12/12/2019', '12/19/2019', '1/2/2020', '1/9/2020', '1/16/2020', '1/23/2020']","['dance pop', 'pop', 'pop dance', 'pop rap']",0.755,0.779,1,-8.201,1,0.114,0.000288,0.0000176,0.844,0.392,123.993
Camila Cabello,Liar,4vUmTMuQqjdnvlZmAH61Qk,"['12/12/2019', '12/19/2019', '1/2/2020', '1/9/2020']","['dance pop', 'electropop', 'pop', 'pop dance', 'post-teen pop']",0.857,0.621,9,-6.376,0,0.0825,0.148,0,0.0865,0.668,97.989
במקום הכי רחוק,בניה ברבי,3w47cRrnouD1Yod5dyBppG,"['12/19/2019', '1/2/2020', '1/9/2020', '1/16/2020', '1/23/2020', '2/6/2020']","['israeli mediterranean', 'israeli pop', 'mizrahi', 'persian pop']",0.681,0.564,0,-7.23,0,0.0453,0.585,0,0.36,0.364,112.155
לילה בסיני,משה פרץ,7froG4iXI1r0X5e3AgggGA,"['12/19/2019', '1/2/2020']","['israeli mediterranean', 'israeli pop', 'mizrahi']",0.772,0.278,2,-10.565,0,0.0333,0.846,0,0.097,0.297,104.988
Dennis Lloyd,Wild West,1BOaImIreIDugjzrEv7kHE,"['12/19/2019', '2/13/2020', '2/20/2020', '2/27/2020']","['contemporary country', 'country pop']",0.597,0.0142,2,-36.872,1,0.723,0.0689,0,0.261,0.246,107.606
איפה הרומנטיקה,כרקוקלי,0dHqkg514xW7NOFTw2Bsww,['12/19/2019'],['israeli pop'],0.531,0.502,3,-6.631,0,0.283,0.438,0,0.109,0.339,165.921
everything i wanted,billie eilish,3ZCTVFBt2Brf31RLEnCkWJ,"['12/19/2019', '1/2/2020', '1/9/2020', '1/16/2020', '1/23/2020', '2/6/2020', '2/13/2020']","['electropop', 'pop']",0.704,0.225,6,-14.454,0,0.0994,0.902,0.657,0.106,0.243,120.006
ayy macarena,tyga,6LcauUZjF1eXQrgqMUecHX,['12/19/2019'],"['dance pop', 'hip hop', 'pop rap', 'rap', 'southern hip hop', 'trap']",0.816,0.63,2,-5.568,1,0.226,0.133,0,0.0692,0.715,96.493
נחכה לך,"ישי ריבו, נתן גושן",0ety2yTiWVKeqQeaed4Spj,"['1/2/2020', '1/9/2020', '1/16/2020', '1/23/2020', '2/6/2020']",['israeli pop'],0.542,0.465,2,-7.736,1,0.027,0.491,0,0.0737,0.464,74.911
דיבור נגוע,"מרגי, סטפן לגר",19u24hOHMdNfGPedV2lFum,"['1/2/2020', '1/9/2020', '1/16/2020', '1/23/2020', '2/6/2020', '2/13/2020', '2/20/2020', '2/27/2020', '3/5/2020', '3/12/2020', '3/19/2020', '3/26/2020', '4/2/2020', '4/16/2020']",,0.895,0.49,5,-4.452,0,0.165,0.0617,0,0.0802,0.728,96.995
איפה הרומנטיקה?,כרקוקלי,0dHqkg514xW7NOFTw2Bsww,"['1/2/2020', '1/9/2020', '1/16/2020', '1/23/2020']",['israeli pop'],0.531,0.502,3,-6.631,0,0.283,0.438,0,0.109,0.339,165.921
Memories,Maroon,2b8fOow8UzyDFAE27YhOZM,"['1/2/2020', '1/9/2020', '1/16/2020', '1/23/2020']","['pop', 'pop rock']",0.764,0.32,11,-7.209,1,0.0546,0.837,0,0.0822,0.575,91.019
"Meduza, Becky Hill, Goodboys",Lose Control,7dx2BcBcf0OzegEX7AvkGg,"['1/2/2020', '1/9/2020', '1/16/2020', '1/23/2020', '2/6/2020', '2/13/2020', '2/20/2020']","['edm', 'pop dance', 'pop house', 'tropical house']",0.598,0.526,10,-8.659,0,0.0415,0.129,0,0.14,0.529,123.935
איתי לוי,לקחת את המפתחות,595w9qSf2MPRMr8diIgkkd,"['1/9/2020', '1/16/2020', '1/23/2020', '2/6/2020', '2/13/2020', '2/20/2020', '2/27/2020']","['israeli mediterranean', 'mizrahi']",0.541,0.579,4,-5.551,0,0.0304,0.495,0,0.369,0.175,96.011
Clandestina,Filv & Edmofo,3xwuwvyU5C93Xk2GgMfN20,"['1/9/2020', '1/16/2020', '1/23/2020', '2/6/2020', '2/13/2020', '2/20/2020']","['african gospel', 'azontobeats']",0.534,0.611,8,-9.183,0,0.295,0.182,0.0000497,0.141,0.266,102.208
אל תעזבי ידיים,עקיבא,7kF5DKRiCp7H5jnawmoW7k,"['1/16/2020', '1/23/2020', '2/6/2020', '2/13/2020', '2/20/2020', '2/27/2020', '3/5/2020', '3/12/2020', '3/19/2020', '3/26/2020', '4/2/2020', '4/16/2020', '4/23/2020', '4/30/2020', '5/7/2020']",['israeli pop'],0.598,0.455,1,-7.951,0,0.0475,0.737,0.00000674,0.224,0.257,88.078
Blinding Lights,The Weeknd,0VjIjW4GlUZAMYd2vXMi3b,"['1/16/2020', '1/23/2020', '2/6/2020', '2/13/2020', '2/20/2020', '2/27/2020', '3/5/2020', '3/12/2020', '3/19/2020', '3/26/2020', '4/2/2020', '4/16/2020', '4/23/2020', '4/30/2020', '5/7/2020', '5/14/2020', '5/21/2020', '6/4/2020', '6/11/2020', '6/18/2020']","['canadian contemporary r&b', 'canadian pop', 'pop']",0.514,0.73,1,-5.934,1,0.0598,0.00146,0.0000954,0.0897,0.334,171.005
My Oh My,"Camila Cabello, DaBaby",3yOlyBJuViE2YSGn3nVE1K,"['1/16/2020', '1/23/2020', '2/6/2020', '2/13/2020', '2/20/2020', '2/27/2020', '3/5/2020', '3/12/2020']","['dance pop', 'electropop', 'pop', 'pop dance', 'post-teen pop']",0.724,0.491,8,-6.024,1,0.0296,0.018,0.0000129,0.0887,0.383,105.046
Unfaithful,Dennis Lloyd,0koVWDcbAH9dJXOsOcaohF,"['2/6/2020', '3/5/2020', '3/12/2020']","['israeli pop', 'tropical house']",0.643,0.566,11,-4.88,0,0.0509,0.00934,0.00000296,0.25,0.419,75.991
אם אתה גבר,נועה קירל,7sTRlhopHysG8xf42IelBW,"['2/6/2020', '2/13/2020', '2/20/2020', '2/27/2020', '3/5/2020', '3/12/2020', '3/19/2020', '3/26/2020', '4/2/2020', '4/16/2020', '4/23/2020', '4/30/2020']",['israeli pop'],0.767,0.71,8,-5.154,0,0.0694,0.218,0.0000954,0.193,0.691,140.066
Ordinary Man,"Ozzy Osbourne, Elton John",6eEYGGFfFbtKHCgJM4uh9v,"['2/6/2020', '2/13/2020', '2/20/2020', '2/27/2020', '3/5/2020', '3/12/2020', '3/19/2020', '3/26/2020']","['album rock', 'birmingham metal', 'hard rock', 'metal', 'rock']",0.428,0.599,4,-2.135,1,0.0286,0.0665,0.00000986,0.137,0.134,125.83
Phone Numbers,Dominic Fike,3f9Mzvd3URfbbIJBX4pz9Z,['2/6/2020'],"['alternative pop rock', 'alternative r&b', 'pop']",0.884,0.539,1,-6.389,0,0.208,0.239,0,0.0805,0.776,85.008
מה עבר עלי,עדן חסון,4IB1j31aPuXaTilHk2FbZt,"['2/13/2020', '2/20/2020', '2/27/2020', '3/5/2020', '3/12/2020', '3/26/2020', '4/2/2020', '4/16/2020']",['israeli mediterranean'],0.565,0.423,7,-8.748,1,0.0481,0.589,0,0.115,0.479,141.578
איפה את,אליעד,0JKeFPJ2hfQUEr8s3t2gf8,"['2/13/2020', '2/20/2020', '2/27/2020', '3/5/2020', '3/12/2020', '3/26/2020', '4/2/2020', '4/16/2020']",['israeli pop'],0.694,0.44,11,-8.191,0,0.0435,0.825,0,0.365,0.354,132.036
Physical,Dua Lipa,5px6upUHM3fhOP621Edp4V,"['2/13/2020', '2/20/2020', '2/27/2020', '3/5/2020', '3/12/2020', '3/19/2020', '3/26/2020', '4/2/2020', '4/16/2020', '4/23/2020', '4/30/2020', '5/7/2020', '5/14/2020']","['dance pop', 'pop', 'pop dance', 'uk pop']",0.647,0.844,0,-3.756,1,0.0457,0.0137,0.000658,0.102,0.746,146.962
Stop This Flame,Celeste,1bObrsJGW0UCIGZkvnDqbe,"['2/13/2020', '2/20/2020', '2/27/2020']","['folk-pop', 'nz pop']",0.752,0.702,10,-4.927,0,0.0378,0.296,0,0.103,0.324,119.987
Look At Her Now,Selena Gomez,0wknQEupBWNHNQzdmoE3Bs,"['2/13/2020', '2/20/2020', '2/27/2020']","['dance pop', 'pop', 'pop dance', 'post-teen pop']",0.753,0.564,10,-7.908,0,0.251,0.114,0.0275,0.359,0.55,77.341
Further Up,"סטטיק ובן אל תבורי, פיטבול",4MSmAXjcdrspd2RxUxdtT3,"['2/20/2020', '2/27/2020', '3/5/2020', '3/12/2020', '3/19/2020', '3/26/2020', '4/2/2020', '4/16/2020']",,0.8,0.876,6,-0.882,1,0.113,0.0148,0,0.218,0.912,100.025
Before You Go,Lewis Capaldi,7ce20yLkzuXXLUhzIDoZih,"['2/20/2020', '2/27/2020', '3/5/2020', '3/12/2020', '3/19/2020', '3/26/2020', '4/2/2020', '4/16/2020']","['pop', 'uk pop']",0.459,0.575,3,-4.858,1,0.0573,0.604,0,0.0885,0.183,111.881
No Time To Die,Billie Eilish,73SpzrcaHk0RQPFP73vqVR,"['2/27/2020', '3/5/2020', '3/12/2020', '3/19/2020', '3/26/2020', '4/2/2020', '4/16/2020']","['electropop', 'pop']",0.38,0.219,4,-13.273,0,0.0358,0.917,0.0104,0.0827,0.0517,73.537
Say So,Doja Cat,3Dv1eDb0MEgF93GpLXlucZ,"['2/27/2020', '3/5/2020', '3/12/2020', '3/19/2020', '3/26/2020', '4/2/2020', '4/16/2020', '4/23/2020', '4/30/2020']","['dance pop', 'pop']",0.787,0.673,11,-4.577,0,0.158,0.256,0.00000357,0.0904,0.786,110.962
לקחת את המפתחות,איתי לוי,29gCUQ8kKPbmh3VKyspTfg,"['3/5/2020', '3/12/2020']",['israeli mediterranean'],0.466,0.441,10,-6.096,0,0.127,0.655,0,0.101,0.345,74.097
דבש ותפוח,תומר יוסף ,5fFNw4YX4N8sR1CFzbPTDW,"['3/5/2020', '3/12/2020', '3/19/2020']","['classic israeli pop', 'israeli hip hop']",0.803,0.549,10,-7.071,0,0.0848,0.43,0,0.065,0.919,93.965
Better,עדן אלנה,6K4t31amVTZDgR3sKmwUJJ,['3/5/2020'],['eurovision'],0.64,0.74,4,-4.083,1,0.0284,0.0115,0.00678,0.167,0.785,116.879
ROSES (Imanbek Remix),SAINt JHN,6e6be6hyp6QXrAlzCUFzSL,"['3/5/2020', '3/12/2020', '3/19/2020', '3/26/2020', '4/2/2020', '4/16/2020', '4/23/2020', '4/30/2020']","['melodic rap', 'pop rap', 'slap house']",0.784,0.721,8,-5.457,1,0.0506,0.0149,0.00424,0.285,0.895,121.966
What A Man Gotta Do,Jonas Brothers,4wNIkl5XGiAACjFBlDWuSd,"['3/5/2020', '3/12/2020']","['boy band', 'dance pop', 'pop', 'pop dance', 'pop rock', 'post-teen pop']",0.852,0.698,9,-7.206,1,0.0629,0.00839,0.00000103,0.0773,0.324,113.039
כלום לא טעים,אלדד כהן,5I9mSjiYH7253stPG9uQn8,"['3/12/2020', '3/19/2020', '3/26/2020', '4/2/2020', '4/16/2020', '4/23/2020', '4/30/2020', '5/7/2020', '5/14/2020', '5/21/2020']",[],0.627,0.653,9,-6.118,0,0.0625,0.556,0,0.444,0.419,124.097
Feker Libi,עדן אלנה,2vxijCz1x6bxozBE2khCSx,"['3/19/2020', '3/26/2020', '4/2/2020', '4/16/2020', '4/23/2020', '4/30/2020', '5/14/2020', '5/21/2020']",['eurovision'],0.737,0.907,8,-2.982,1,0.131,0.238,0.0000264,0.0962,0.563,119.915
אם תרצי,חנן בן ארי,3BRlBgX59CKqOa8PXI41qQ,"['3/19/2020', '3/26/2020', '4/2/2020', '4/16/2020', '4/23/2020', '4/30/2020', '5/7/2020', '5/14/2020', '5/21/2020']",['israeli pop'],0.67,0.597,11,-9.85,0,0.0362,0.355,0,0.328,0.778,131.036
Stupid Love,Lady Gaga,0VBdBDBOu02U0ZFN8Wh4vt,"['3/19/2020', '3/26/2020', '4/2/2020', '4/16/2020', '4/23/2020', '4/30/2020']","['dance pop', 'pop', 'pop dance']",0.68,0.825,8,-4.296,1,0.0702,0.00173,0.000122,0.27,0.784,117.987
Moral of the Story,Ashe,2nC3QhMI9reBIOWutbU3Tj,"['3/19/2020', '3/26/2020', '4/2/2020', '4/16/2020', '4/23/2020', '4/30/2020']",['social media pop'],0.572,0.406,10,-8.624,1,0.0427,0.587,0.00000448,0.102,0.265,119.812
WE,"סטטיק ובן אל תבורי, מירי מסיקה",2QjOHCTQ1Jl3zawyYOpxh6,"['3/26/2020', '4/2/2020', '4/16/2020', '4/23/2020', '4/30/2020', '5/7/2020', '5/14/2020']",,0.612,0.807,10,-2.81,1,0.0336,0.0495,0.0177,0.101,0.398,124.053
The Other Side,"Justin Timberlake, SZA",0ada5XsQGLPUVbmTCkAP49,"['4/2/2020', '4/16/2020', '4/23/2020', '4/30/2020', '5/7/2020']","['pop', 'pop rap']",0.701,0.65,6,-6.313,1,0.104,0.291,0,0.112,0.647,90.003
את חסרה לי,עדן חסון,016blcFaFbzXopGoqVOKZU,"['4/23/2020', '5/7/2020', '5/14/2020', '5/21/2020']",['israeli mediterranean'],0.651,0.645,4,-6.173,0,0.063,0.47,0,0.2,0.307,129.928
כתר מלוכה,ישי ריבו,5917JyhQgiAz3Faodi9qzv,"['4/23/2020', '4/30/2020', '5/7/2020', '5/14/2020', '5/21/2020']",['israeli pop'],0.554,0.399,10,-7.912,0,0.0357,0.872,0.0000168,0.131,0.396,72.007
להמשיך ללכת ,גיא ויהל,5MK6ElICZZ3tJ5E7nV7jKq,['4/23/2020'],[],0.467,0.646,8,-6.91,1,0.037,0.253,0,0.102,0.396,131.874
Dua Lipa,Break My Heart,5JqZ3oqF00jkT81foAFvqg,"['4/23/2020', '4/30/2020']","['dance pop', 'pop', 'pop dance', 'uk pop']",0.781,0.67,3,-3.912,0,0.0452,0.0103,0,0.0761,0.595,127.99
In your Eyes,The Weeknd,7szuecWAPwGoV1e5vGu8tl,"['4/23/2020', '4/30/2020']","['canadian contemporary r&b', 'canadian pop', 'pop']",0.667,0.719,7,-5.371,0,0.0346,0.00285,0.000081,0.0736,0.717,100.021
מורידים את הירח,"שלומי שבת , אליעד",6RPkvzPRbQ5eHX2iSOF0te,"['5/7/2020', '5/14/2020', '5/21/2020']",,0.778,0.438,3,-8.834,0,0.0415,0.444,0.0000034,0.116,0.495,99.996
להמשיך ללכת,גיא ויהל,5MK6ElICZZ3tJ5E7nV7jKq,"['5/7/2020', '5/14/2020']",[],0.467,0.646,8,-6.91,1,0.037,0.253,0,0.102,0.396,131.874
Break My Heart,Dua Lipa,017PF4Q3l4DBUiWoXk4OWT,"['5/7/2020', '5/14/2020', '5/21/2020', '6/4/2020']","['dance pop', 'pop', 'pop dance', 'uk pop']",0.73,0.729,4,-3.434,0,0.0883,0.167,0.00000139,0.349,0.467,113.013
Toosie Slide,Drake,127QTOFJsJQp5LbJbu3A1y,"['5/7/2020', '5/14/2020', '5/21/2020', '6/4/2020', '6/11/2020', '6/18/2020', '6/28/2020', '7/9/2020']","['canadian hip hop', 'canadian pop', 'hip hop', 'pop rap', 'rap', 'toronto rap']",0.834,0.454,1,-9.75,0,0.201,0.321,0.00000615,0.114,0.837,81.618
Roses (Imanbek Remix),SAINt JHN,6e6be6hyp6QXrAlzCUFzSL,"['5/7/2020', '5/14/2020', '5/21/2020', '6/4/2020', '6/11/2020', '6/18/2020', '6/28/2020']","['melodic rap', 'pop rap', 'slap house']",0.784,0.721,8,-5.457,1,0.0506,0.0149,0.00424,0.285,0.895,121.966
Say so,Doja Cat,3Dv1eDb0MEgF93GpLXlucZ,"['5/7/2020', '5/14/2020', '5/21/2020']","['dance pop', 'pop']",0.787,0.673,11,-4.577,0,0.158,0.256,0.00000357,0.0904,0.786,110.962
In Your Eyes,The Weekend,7szuecWAPwGoV1e5vGu8tl,"['5/7/2020', '5/14/2020', '5/21/2020']","['pop', 'pop rap']",0.667,0.719,7,-5.371,0,0.0346,0.00285,0.000081,0.0736,0.717,100.021
Moral of the story,Ashe,2nC3QhMI9reBIOWutbU3Tj,"['5/7/2020', '5/14/2020']",['social media pop'],0.572,0.406,10,-8.624,1,0.0427,0.587,0.00000448,0.102,0.265,119.812
לא יוצא למסיבות,מרגי,2r6ssNnhNfT7dy9Bltctgt,"['5/14/2020', '5/21/2020', '6/4/2020', '6/11/2020', '6/18/2020', '6/28/2020']","['israeli hip hop', 'israeli trap']",0.818,0.553,0,-5.694,1,0.0882,0.107,0.00000424,0.118,0.842,118.043
MAMACITA,"The Black Eyed Peas, Ozuna, J Rey Soul",54aWMdoFWALPQvQMxA7d7e,"['5/14/2020', '5/21/2020', '6/4/2020', '6/11/2020', '6/18/2020', '6/28/2020', '7/9/2020']",[],0.653,0.538,0,-3.732,1,0.031,0.37,0,0.248,0.802,84.974
קחי את הפחדים,בניה ברבי,32wnbsKKfvwwfMKHtlNx6k,"['5/21/2020', '6/4/2020', '6/11/2020', '6/18/2020']","['israeli mediterranean', 'israeli pop', 'mizrahi', 'persian pop']",0.527,0.609,11,-7.983,0,0.132,0.405,0.00000348,0.256,0.64,175.498
פשוטים,עקיבא,6HY2UTJc6vsl1HQ0BwlECg,"['5/21/2020', '6/4/2020', '6/11/2020', '6/18/2020', '6/28/2020']",['israeli pop'],0.687,0.369,0,-8.654,1,0.0259,0.801,0.00000106,0.107,0.285,98.014
Saved My Life,Sia,5cpw6QKJcoXzpNBLNUJx2i,"['5/21/2020', '6/4/2020']","['australian dance', 'australian pop', 'dance pop', 'pop', 'pop dance']",0.682,0.503,8,-5.934,1,0.0417,0.213,0,0.0944,0.382,113.988
חנן בן ארי,אם תרצי,5h2vRqdOu3vdCzHoDsBon6,"['6/4/2020', '6/11/2020', '1/7/2021', '1/14/2021', '1/21/2021', '1/28/2021']",['israeli pop'],0.358,0.274,2,-8.018,0,0.0294,0.81,0,0.114,0.182,131.318
ואז את תראי,"דולי ופן, דיקלה, עידן רפאל חביב",3R38LMGri7lxCOjO3MYFBU,"['6/4/2020', '6/11/2020', '6/18/2020', '6/28/2020', '7/9/2020', '7/16/2020']",['israeli pop'],0.432,0.497,8,-8.211,1,0.0433,0.559,0.00000113,0.0807,0.35,167.708
Cuckoo,Netta,6TmpRHZKmvGZoFs7XDXFjK,"['6/4/2020', '6/11/2020', '6/18/2020', '6/28/2020']","['eurovision', 'israeli pop']",0.652,0.564,0,-7.966,1,0.143,0.107,0.000138,0.431,0.389,173.982
שבוע טוב,אברהם טל,4Ow0gCGxYfOcyiCuZOt9mp,"['6/4/2020', '6/11/2020', '6/18/2020', '6/28/2020', '7/9/2020']",['israeli pop'],0.697,0.777,7,-3.472,0,0.0834,0.0107,0,0.097,0.555,103.996
הולכת יחפה,איתי לוי,7gr1ROZKMVPyBoRcycQ7Uk,"['6/4/2020', '6/11/2020', '6/18/2020']",['israeli mediterranean'],0.712,0.537,1,-7.144,1,0.0562,0.429,0,0.107,0.556,112.041
Death bed (coffee for your head),"Powfu, beabadoobee",7eJMfftS33KTjuF7lTsMCx,"['6/4/2020', '6/11/2020', '6/18/2020', '6/28/2020']",['sad rap'],0.726,0.431,8,-8.765,0,0.135,0.731,0,0.696,0.348,144.026
Stuck With U,"Ariana Grande, Justin Bieber",4HBZA5flZLE435QTztThqH,"['6/4/2020', '6/11/2020', '6/18/2020']","['dance pop', 'pop', 'post-teen pop']",0.597,0.45,8,-6.658,1,0.0418,0.223,0,0.382,0.537,178.765
המזרח התיכון,עברי לידר,1aePnUSba3582jOqYzGXHH,"['6/11/2020', '6/18/2020', '6/28/2020', '7/9/2020']","['classic israeli pop', 'israeli pop', 'israeli rock', 'israeli singer-songwriter']",0.787,0.682,7,-6.404,1,0.0749,0.0131,0.000109,0.123,0.51,98.011
Breaking Me,"Topic, AS",3H7ihDc1dqLriiWXwsc2po,"['6/11/2020', '6/18/2020', '6/28/2020', '7/9/2020', '7/16/2020', '7/23/2020']",[],0.789,0.72,8,-5.652,0,0.218,0.223,0,0.129,0.664,122.031
Rain On Me,"Lady Gaga, Ariana Grande",24ySl2hOPGCDcxBxFIqWBu,"['6/11/2020', '6/18/2020', '6/28/2020', '7/9/2020', '7/16/2020', '7/23/2020']","['dance pop', 'pop', 'pop dance']",0.672,0.855,9,-3.764,1,0.0397,0.021,0,0.323,0.646,123.056
מליון דולר,נועה קירל,6fQdXIgZi9tenuFZF4nAtz,"['6/18/2020', '6/28/2020', '7/9/2020', '7/23/2020']",['israeli pop'],0.636,0.531,7,-8.917,0,0.0729,0.291,0.0000593,0.119,0.18,133.959
Watermelon Sugar,Harry Styles,6UelLqGlWMcVH1E5c4H7lY,"['6/18/2020', '6/28/2020', '7/9/2020', '7/16/2020', '7/23/2020', '8/20/2020', '8/27/2020', '9/3/2020', '9/24/2020', '10/1/2020', '10/15/2020', '10/22/2020', '11/5/2020', '11/19/2020', '11/26/2020']","['pop', 'post-teen pop']",0.548,0.816,0,-4.209,1,0.0465,0.122,0,0.335,0.557,95.39
Alien,Dennis Lloyd,1Tqshmc0rnQPaIGJfRp2Da,"['6/28/2020', '7/9/2020', '7/23/2020']","['israeli pop', 'tropical house']",0.71,0.768,0,-4.772,1,0.0457,0.00813,0.0000366,0.0791,0.419,118.085
חצי בשבילי,איתי לוי,28Ab0Nm5emPFFc1K7pRknR,"['6/28/2020', '7/9/2020', '7/16/2020', '7/23/2020']",['israeli mediterranean'],0.727,0.53,10,-6.599,0,0.0939,0.459,0.00000229,0.102,0.368,93.986
כמה אני אוהב אותך,גיא מזיג,0pRuX30dgfJ0RSjp6gwOh4,"['6/28/2020', '7/9/2020', '7/16/2020']",['israeli pop'],0.586,0.966,7,-3.964,1,0.0557,0.00816,0.0000205,0.244,0.79,140.005
Kings & Queens,Ava Max,7a53HqqArd4b9NF4XAmlbI,"['6/28/2020', '7/9/2020', '7/16/2020', '7/23/2020', '8/20/2020']","['dance pop', 'pop']",0.637,0.69,1,-4.057,0,0.0405,0.00786,0,0.124,0.457,129.857
Savage (Remix),"Megan Thee Stallion, Beyonc?",5v4GgrXPMghOnBBLmveLac,"['6/28/2020', '7/9/2020', '7/16/2020', '7/23/2020', '8/20/2020']","['houston rap', 'pop', 'pop rap', 'trap queen']",0.822,0.743,10,-4.772,0,0.28,0.016,0,0.127,0.636,84.459
זוט עני,אלה לי,0mFGPNg7pok4XH8hHwE24x,"['7/9/2020', '7/16/2020', '7/23/2020', '8/20/2020', '8/27/2020']",['israeli pop'],0.814,0.542,8,-5.68,0,0.0602,0.0554,0.000151,0.0689,0.894,138.096
חביב אלבי,"סטטיק ובן אל תבורי, נסרין קדרי",5vCGfl8d5iLZ1BZjEnmRd8,"['7/9/2020', '7/16/2020', '7/23/2020', '8/20/2020']","['israeli pop', 'jewish pop']",0.736,0.784,11,-5.037,1,0.113,0.126,0,0.133,0.65,150.069
אל תגיד,נוי פדלון,57lqlbvQbosyCToSGpR0pS,"['7/9/2020', '7/16/2020', '7/23/2020']",['israeli mediterranean'],0.734,0.458,3,-7.45,0,0.313,0.338,0,0.38,0.412,137.865
Banana (DJ FLe,"Minisiren Remix) - Conkarah, Shaggy",0dZpw3h6KZhcHec61qwevZ,"['7/9/2020', '7/16/2020', '7/23/2020', '8/20/2020']",['jawaiian'],0.824,0.854,8,-5.312,1,0.177,0.016,0.0000495,0.117,0.896,95.114
Rockstar,"DaBaby, Roddy Ricch",7ytR5pFWmSjzHJIeQkgog4,"['7/9/2020', '7/16/2020', '7/23/2020', '8/20/2020', '8/27/2020', '9/3/2020', '9/24/2020', '10/1/2020', '10/15/2020', '10/22/2020']","['north carolina hip hop', 'rap']",0.746,0.69,11,-7.956,1,0.164,0.247,0,0.101,0.497,89.977
TKN,"Rosalia, Travis Scott",4w47S36wQGBhGg073q3nt7,"['7/9/2020', '7/16/2020', '7/23/2020', '8/20/2020', '8/27/2020']",['r&b en espanol'],0.776,0.509,0,-6.266,0,0.467,0.192,0.00000149,0.115,0.485,94.634
תל אביב זה אני ואת,"אמיר ובן, ג'יין בורדו",1miFtZ1QgGhVpVxbL76Y9g,"['7/16/2020', '7/23/2020', '8/20/2020', '8/27/2020', '9/3/2020', '9/24/2020', '10/1/2020']",['israeli pop'],0.847,0.608,8,-4.925,1,0.0645,0.511,0,0.0862,0.707,104.993
X,"Jonas Brothers, KAROL G",7GX5flRQZVHRAGd6B4TmDO,"['7/16/2020', '7/23/2020']","['boy band', 'dance pop', 'pop', 'pop dance', 'pop rock', 'post-teen pop']",0.732,0.75,11,-6.366,0,0.231,0.00264,0,0.109,0.401,155.096
איפה הימים,איתן פלד,314ezHCz8UsGvjR6kYcTfC,"['7/23/2020', '8/20/2020', '8/27/2020', '9/3/2020']",[],0.706,0.893,1,-3.368,0,0.0495,0.323,0,0.266,0.823,143.944
בחלומות שלנו,"דודו אהרון, עדן מאירי",0nLRdLNqBO7EdyRdiixjRk,"['7/23/2020', '8/20/2020', '8/27/2020', '9/3/2020', '9/24/2020', '10/1/2020']","['israeli mediterranean', 'israeli pop', 'mizrahi']",0.651,0.462,7,-7.006,1,0.0334,0.703,0,0.351,0.556,104.303
שלמים,עידן רפאל חביב,72W6xVQGdKHQl348KYgwg2,"['8/20/2020', '8/27/2020', '9/3/2020', '9/24/2020', '10/1/2020', '10/15/2020', '10/22/2020', '11/5/2020', '11/19/2020', '11/26/2020']",['israeli singer-songwriter'],0.417,0.355,0,-12.372,1,0.0599,0.847,0.0000418,0.113,0.0914,86.078
סיבובים,עדן חסון,21qCzrANOK7gB0KPoNE1zP,"['8/20/2020', '8/27/2020', '9/3/2020', '9/24/2020', '10/1/2020', '10/15/2020', '10/22/2020', '11/5/2020', '11/19/2020']",['israeli mediterranean'],0.888,0.786,6,-4.2,0,0.0517,0.135,0.00000295,0.0754,0.771,100.03
קוקוריקו,"עומר אדם, עדן בן זקן",5BqY4WvB0sfGqg4cq25Eto,"['8/20/2020', '8/27/2020', '9/3/2020']","['israeli mediterranean', 'israeli pop', 'mizrahi']",0.787,0.497,10,-7.728,0,0.0396,0.56,0,0.304,0.504,111.991
למה ככה עצובה,"עידן רייכל, סתיו בגר",69TE1rA19DPXWd5ERGUq8F,"['8/20/2020', '8/27/2020', '9/3/2020', '9/24/2020', '10/1/2020']",,0.717,0.803,7,-4.761,0,0.0589,0.18,0,0.0827,0.728,104.024
My Future,Billie Eilish,2ygvZOXrIeVL4xZmAWJT2C,"['8/20/2020', '8/27/2020', '9/3/2020', '9/24/2020', '10/1/2020', '10/15/2020', '10/22/2020', '11/5/2020']","['electropop', 'pop']",0.444,0.309,8,-10.956,1,0.062,0.795,0.132,0.352,0.0875,104.745
exile,"Taylor Swift, Bon Iver",4pvb0WLRcMtbPGmtejJJ6y,"['8/20/2020', '8/27/2020', '9/3/2020']","['dance pop', 'pop', 'pop dance']",0.298,0.38,6,-8.426,1,0.0287,0.778,0.0000562,0.11,0.152,75.602
Come & Go,"Juice WRLD, Marshmello",2Y0wPrPQBrGhoLn14xRYCG,"['8/20/2020', '8/27/2020', '9/3/2020', '9/24/2020', '10/1/2020']","['chicago rap', 'melodic rap']",0.625,0.814,0,-5.181,1,0.0657,0.0172,0,0.158,0.535,144.991
נהיה בסדר,ספיר סבן,3NHx7iwNwaQ2hUqxgRqOxF,"['8/27/2020', '9/3/2020']",['israeli mediterranean'],0.625,0.384,0,-9.65,1,0.0876,0.723,0,0.405,0.469,79.822
Jerusalema,"Master KG, Nomcebo",2MlOUXmcofMackX3bxfSwi,"['8/27/2020', '9/3/2020', '9/24/2020', '10/1/2020', '10/15/2020', '10/22/2020']",['south african house'],0.88,0.483,1,-7.012,1,0.0505,0.0185,0.00000868,0.0607,0.827,124.009
WAP,"Cardi B, Megan Thee Stallion",4Oun2ylbjFKMPTiaSbbCih,"['8/27/2020', '9/3/2020', '9/24/2020', '10/1/2020', '10/15/2020', '10/22/2020', '11/5/2020']","['dance pop', 'pop', 'pop rap', 'rap']",0.935,0.454,1,-7.509,1,0.375,0.0194,0,0.0824,0.357,133.073
I See Red,Everybody Loves An Outlaw,5MAK1nd8R6PWnle1Q1WJvh,"['8/27/2020', '9/3/2020']",['modern blues rock'],0.509,0.448,4,-7.552,0,0.0357,0.00713,0.0137,0.244,0.221,156.909
רסיסים,רביב כנר,4qAHhdpiGcbzqwjqmwuXwj,"['9/3/2020', '9/24/2020', '10/1/2020', '10/15/2020', '10/22/2020', '11/5/2020', '11/19/2020', '11/26/2020', '12/24/2020', '1/7/2021', '1/14/2021', '1/21/2021', '1/28/2021', '2/11/2021']",['israeli pop'],0.59,0.377,2,-7.987,1,0.0287,0.413,0,0.101,0.374,73.99
פרפרים,כרקוקלי,3V89M6UVrGqnUgklaCSa0r,"['9/3/2020', '9/24/2020', '10/1/2020', '10/15/2020', '10/22/2020']",['israeli pop'],0.737,0.678,6,-6.309,1,0.0436,0.0774,0.000413,0.152,0.38,108.981
Dynamite,BTS,4saklk6nie3yiGePpBwUoc,"['9/3/2020', '9/24/2020', '10/1/2020', '10/15/2020', '10/22/2020', '11/5/2020', '11/19/2020']","['k-pop', 'k-pop boy group']",0.746,0.765,6,-4.41,0,0.0993,0.0112,0,0.0936,0.737,114.044
אמבולנס,"נועה קירל, מרגי",67p4gShuvxPoCfT1l6ZxAA,"['9/24/2020', '10/1/2020', '10/15/2020', '10/22/2020', '11/5/2020']",['israeli pop'],0.79,0.768,0,-6.319,1,0.135,0.132,0.00123,0.133,0.678,123.997
שרק תחייך,יובל דיין,7vn9SIc4NraLuIMzUeCK2o,"['9/24/2020', '10/1/2020', '10/15/2020', '10/22/2020', '11/5/2020', '11/19/2020', '11/26/2020', '12/10/2020', '12/17/2020', '12/24/2020']","['israeli pop', 'israeli singer-songwriter']",0.36,0.317,2,-9.483,1,0.034,0.827,0.00000183,0.101,0.278,178.236
Midnight Sky,Miley Cyrus,27ycaQnQAxaPiyeg3nr2aB,"['9/24/2020', '10/1/2020', '10/15/2020', '10/22/2020', '11/5/2020', '11/19/2020', '11/26/2020', '12/10/2020', '12/17/2020', '12/24/2020']","['dance pop', 'pop', 'pop dance', 'post-teen pop']",0.705,0.814,4,-5.466,0,0.0346,0.00115,0.00312,0.203,0.259,110
Head & Heart,"Joel Corry, MNEK",6cx06DFPPHchuUAcTxznu9,"['9/24/2020', '10/1/2020']","['dance pop', 'house', 'pop dance', 'tropical house', 'uk dance']",0.734,0.874,8,-3.158,1,0.0662,0.168,0.0000114,0.0489,0.905,122.953
ג׳וני,בר צברי,0ZnXT3Imvs25erIQh8CT9P,"['10/15/2020', '10/22/2020', '11/5/2020', '11/19/2020', '11/26/2020']",['israeli pop'],0.496,0.376,1,-11.274,1,0.0342,0.793,0.0634,0.177,0.491,109.719
לחזור הביתה,התקווה,00hxhSX2rkkVlO2MvvHpPk,"['10/15/2020', '10/22/2020', '11/5/2020', '11/19/2020', '11/26/2020']",[],0.521,0.65,8,-6.474,1,0.0436,0.272,0,0.0844,0.743,156.003
כל היום,"הראל סקעת, אניה בוקשטיין",2bIgWvrIWqFVt2cfSSp25t,"['10/15/2020', '10/22/2020', '11/5/2020']","['eurovision', 'israeli pop']",0.813,0.617,9,-5.525,0,0.039,0.201,0,0.0917,0.707,122.023
ביחד,"מארינה מקסימיליאן, גיא מענטש",4NJbK9op9ixBJVOXEwNK4R,"['10/15/2020', '10/22/2020', '11/5/2020', '11/19/2020', '11/26/2020']",,0.564,0.593,1,-5.747,0,0.0747,0.409,0,0.267,0.28,108.297
Take You Dancing,Jason Derulo,59qrUpoplZxbIZxk6X0Bm3,"['10/15/2020', '10/22/2020', '11/5/2020', '11/19/2020', '11/26/2020', '12/10/2020', '12/17/2020', '12/24/2020']",['nz pop'],0.789,0.711,2,-4.248,1,0.041,0.0332,0,0.0876,0.753,112.985
Holy,"Justin Bieber, Chance The Rapper",5u1n1kITHCxxp8twBcZxWy,"['10/15/2020', '10/22/2020', '11/5/2020', '11/19/2020', '11/26/2020', '12/10/2020', '12/17/2020', '12/24/2020']","['dance pop', 'hip hop', 'miami hip hop', 'pop', 'pop rap', 'rap', 'southern hip hop', 'trap']",0.673,0.704,6,-8.056,1,0.36,0.196,0,0.0898,0.372,86.919
הנשיקות שלי,עומר אדם,02fVXqkAXSUKnhBrbLBsc4,"['11/5/2020', '11/19/2020', '11/26/2020']","['israeli mediterranean', 'israeli pop', 'mizrahi']",0.662,0.355,8,-8.332,0,0.0391,0.93,0,0.111,0.628,136.091
Positions,Ariana Grande,35mvY5S1H3J2QZyna3TFe0,"['11/5/2020', '11/19/2020', '11/26/2020', '12/10/2020', '12/17/2020', '12/24/2020', '2/11/2021', '2/25/2021']","['dance pop', 'pop', 'post-teen pop']",0.737,0.802,0,-4.771,1,0.0878,0.468,0,0.0931,0.682,144.015
Let's Love,"David Guetta, Sia",4gdfH1xJHag1xh6UfVjTUk,['11/5/2020'],"['australian dance', 'australian pop', 'dance pop', 'pop', 'pop dance']",0.66,0.802,0,-4.856,1,0.0373,0.00207,0,0.4,0.617,103.16
Mood,"kGolden, Iann Dior",3tjFYV6RSFtuktYl3ZtYcq,"['11/5/2020', '11/19/2020', '11/26/2020', '12/10/2020', '12/17/2020', '12/24/2020', '1/21/2021', '1/28/2021', '2/11/2021']",,0.7,0.722,7,-3.558,0,0.0369,0.221,0,0.272,0.756,90.989
אור הירח,"יסמין מועלם, טונה",1B6qAMPiD7sv3WNI90ELMz,"['11/19/2020', '11/26/2020', '12/10/2020', '12/17/2020', '12/24/2020']",['israeli pop'],0.625,0.624,9,-8.391,1,0.14,0.179,0.0000715,0.22,0.394,150.005
חיים מאושרים,"נתן גושן, עדן בן זקן",5bfyO9R6raJctlhVpXzPG4,"['11/19/2020', '11/26/2020', '12/10/2020', '12/17/2020', '12/24/2020', '2/11/2021', '2/25/2021']",['israeli pop'],0.673,0.427,6,-7.629,0,0.0458,0.143,0.000112,0.105,0.393,113.556
Let’s Love,"Sia, David Guetta",4gdfH1xJHag1xh6UfVjTUk,"['11/19/2020', '11/26/2020', '12/10/2020', '12/17/2020']",[],0.66,0.802,0,-4.856,1,0.0373,0.00207,0,0.4,0.617,103.16
Lemonade,"Internet Money, Gunna, Don Toliver, Nav",7hxHWCCAIIxFLCzvDgnQHX,"['11/19/2020', '11/26/2020', '12/10/2020', '12/24/2020']","['pop rap', 'rap', 'trap']",0.8,0.658,1,-6.142,0,0.079,0.25,0,0.111,0.462,140.042
Diamonds,Sam Smith,21Jp2Pv5kI8n1hebJMnT9Z,"['11/19/2020', '11/26/2020']","['dance pop', 'pop', 'post-teen pop', 'uk pop']",0.686,0.657,5,-5.811,1,0.0371,0.191,0,0.0626,0.797,129.963
אלה לי,מה אתה רוצה?,2eBU4szs3ZoBAOYnBdJQjD,"['11/26/2020', '12/3/2020']",['israeli pop'],0.364,0.91,4,-5.896,0,0.0769,0.349,0.0000633,0.247,0.337,115.963
"Justin Bieber, Benny Blanco",Lonely,6tnrFU8iLQ6orFXjCA3flL,"['11/26/2020', '12/3/2020', '12/10/2020', '12/17/2020']","['canadian pop', 'pop', 'post-teen pop']",0.642,0.87,9,-2.879,1,0.034,0.0113,0,0.677,0.649,129.982
בר צברי,ג'וני,2EDhQ1dSfnr3RUe1eFq29s,['12/3/2020'],['israeli pop'],0.282,0.403,4,-6.929,0,0.0353,0.19,0.000459,0.16,0.0781,110.107
עומר אדם,הנשיקות שלי,4aJ16QxHVPXrS3GrlQsWPN,['12/3/2020'],"['israeli mediterranean', 'israeli pop', 'mizrahi']",0.822,0.717,9,-5.105,0,0.186,0.0157,0,0.0968,0.681,136.061
צמאה לאהבה,לירן דנינו,6lSSdXZtqF4tFlmaQyV0ut,"['12/3/2020', '12/10/2020', '12/17/2020']",['israeli pop'],0.645,0.494,1,-7.887,1,0.0357,0.525,0,0.188,0.516,124.98
Ariana Grande,Positions,24ySl2hOPGCDcxBxFIqWBu,"['12/3/2020', '1/7/2021', '1/14/2021', '1/21/2021', '1/28/2021']","['dance pop', 'pop', 'post-teen pop']",0.672,0.855,9,-3.764,1,0.0397,0.021,0,0.323,0.646,123.056
Jason Derulo,Take You Dancing,6KHL1En9v6iNWjcs44mcmU,"['12/3/2020', '1/7/2021', '1/14/2021', '1/21/2021', '1/28/2021']","['dance pop', 'pop', 'pop dance', 'pop rap', 'post-teen pop']",0.529,0.614,9,-5.032,1,0.0479,0.215,0,0.277,0.141,92.972
Miley Cyrus,Midnight Sky,27rdGxbavYJeBphck5MZAF,"['12/3/2020', '1/7/2021']","['dance pop', 'pop', 'pop dance', 'post-teen pop']",0.601,0.794,7,-5.844,0,0.0671,0.00987,0.00000136,0.388,0.244,114.066
"Justin Bieber, Chance The Rapper",Holy,3DXncPQOG4VBw3QHh3S817,['12/3/2020'],"['canadian pop', 'pop', 'post-teen pop']",0.609,0.668,7,-4.284,1,0.0367,0.0552,0,0.167,0.811,80.924
"David Guetta, Sia",Let's Love,2ludbmtPoyCPe2K08fAlFl,['12/3/2020'],"['big room', 'dance pop', 'edm', 'pop', 'pop dance', 'tropical house']",0.542,0.587,4,-6.145,1,0.035,0.0977,0,0.2,0.243,136.915
Billie Eilish,Therefore I Am,4EYiIACD4vGzOmiKYzRdkW,"['12/3/2020', '12/10/2020', '12/17/2020']","['electropop', 'pop']",0.749,0.832,5,-8.415,0,0.0408,0.213,0.276,0.728,0.487,120.046
"Internet Money, Gunna, Don Toliver, Nav",Lemonade,56HRkZUWrin7Y1rr3QBivA,['12/3/2020'],"['pop rap', 'rap', 'trap']",0.465,0.465,1,-9.083,0,0.0368,0.117,0.951,0.253,0.452,142.019
Sam Smith,Diamonds,5N5k9nd479b1xpDZ4usjrg,['12/3/2020'],"['dance pop', 'pop', 'post-teen pop', 'uk pop']",0.781,0.768,11,-5.991,1,0.0394,0.0119,0.00000491,0.325,0.486,123.07
מה אתה רוצה ?,אלה לי,4qBixrI2vHgk95xmBVLBQQ,"['12/10/2020', '12/17/2020', '1/7/2021', '1/14/2021', '1/21/2021', '1/28/2021', '2/11/2021', '2/25/2021']",['israeli pop'],0.7,0.593,9,-9.137,1,0.054,0.773,0,0.871,0.834,107.96
שקיעות אדומות,עדן חסון,74pfNNxGlwSyokwtqxHcDa,"['12/10/2020', '12/17/2020', '12/24/2020', '1/21/2021', '1/28/2021', '2/11/2021', '2/25/2021']",['israeli mediterranean'],0.585,0.394,6,-9.016,0,0.0321,0.676,0,0.119,0.345,84.018
אמן על הילדים,חנן בן ארי,2B2tINzI2NSCEixQWlQBIK,"['12/10/2020', '12/17/2020', '12/24/2020', '2/11/2021']",['israeli pop'],0.458,0.369,10,-12.132,0,0.0711,0.305,0.00000174,0.339,0.239,53.437
אור,אודיה,1B6qAMPiD7sv3WNI90ELMz,"['12/10/2020', '12/17/2020', '12/24/2020']",['israeli pop'],0.625,0.624,9,-8.391,1,0.14,0.179,0.0000715,0.22,0.394,150.005
"Miley Cyrus, Dua Lipa",Prisoner,35XzlcdeCwa3GIKESFQIES,"['12/10/2020', '12/17/2020']","['dance pop', 'pop', 'pop dance', 'post-teen pop']",0.693,0.265,3,-18.972,0,0.0574,0.992,0.968,0.11,0.108,116
? מה אתה רוצה,אלה לי,1inqeo4qN7t9nSPiwZtR82,['12/24/2020'],['israeli pop'],0.694,0.669,6,-6.722,1,0.0385,0.0685,0,0.114,0.618,115.146
Shake Ya Boom Boom,"סטטיק ובן אל תבורי, Black Eyed Peas",6opDlKt74unYFeu9jIfc0k,['12/24/2020'],"['israeli pop', 'jewish pop']",0.917,0.869,1,-3.946,1,0.15,0.071,0,0.0623,0.501,104.95
נשמה שלי,עידן חביב,7606oAr5GqreqTOdIX3uGB,"['12/24/2020', '1/7/2021', '1/14/2021', '1/21/2021', '1/28/2021', '2/11/2021', '2/25/2021']",['israeli singer-songwriter'],0.601,0.444,1,-9.058,0,0.0305,0.423,0.00000206,0.0968,0.304,82.004
Lonely,"Justin Bieber, Benny Blanco",4y4spB9m0Q6026KfkAvy9Q,"['12/24/2020', '1/7/2021', '1/14/2021', '1/21/2021', '1/28/2021', '2/11/2021', '2/25/2021']","['canadian pop', 'pop', 'post-teen pop']",0.631,0.239,11,-7.071,0,0.0398,0.864,0,0.116,0.0927,79.859
Therefore I Am,Billie Eilish,54bFM56PmE4YLRnqpW6Tha,"['12/24/2020', '1/7/2021', '1/14/2021', '1/21/2021', '1/28/2021', '2/11/2021', '2/25/2021']","['electropop', 'pop']",0.889,0.34,11,-7.773,0,0.0697,0.218,0.13,0.055,0.716,94.009
Cold,Chris Stapelton,6HcpKWnYHg7SFqId5CmfbR,"['12/24/2020', '1/7/2021', '1/14/2021', '1/21/2021']","['contemporary country', 'outlaw country']",0.659,0.801,7,-5,1,0.151,0.0134,0.000067,0.0819,0.393,99.938
Prisoner,"Miley Cyrus, Dua Lipa",5JqZ3oqF00jkT81foAFvqg,"['12/24/2020', '1/7/2021']","['dance pop', 'pop', 'pop dance', 'post-teen pop']",0.781,0.67,3,-3.912,0,0.0452,0.0103,0,0.0761,0.595,127.99
רוצה שלום,רביב כנר,4L4dPjtEVEpZ0ER2deHAJA,"['1/7/2021', '1/14/2021', '1/21/2021', '1/28/2021', '2/11/2021', '2/25/2021']",['israeli pop'],0.727,0.431,2,-10.007,0,0.0937,0.173,0.0000284,0.0813,0.157,94.95
אל תבואי אליי,מכלוף,0ACFJm4VlgvdHs2qvHZ6yG,"['1/7/2021', '1/14/2021']",[],0.727,0.875,1,-5.273,0,0.0326,0.504,0,0.0995,0.232,112.023
D?kiti,"Bad Bunny, Jhay Cortez",547cMd2Cbd1U8K7MMrpn0d,"['1/7/2021', '1/14/2021']","['latin', 'reggaeton', 'trap latino']",0.927,0.523,6,-5.811,1,0.234,0.478,0.00351,0.0702,0.43,131.956
Save Your Tears,The Weeknd,5QO79kh1waicV47BqGRL3g,"['1/7/2021', '1/14/2021', '1/21/2021', '1/28/2021', '2/11/2021', '2/25/2021']","['canadian contemporary r&b', 'canadian pop', 'pop']",0.68,0.826,0,-5.487,1,0.0309,0.0212,0.0000124,0.543,0.644,118.051
אין סוף ללילה,קרן פלס,3mm6lswif4uxTlRylpPJSU,"['1/14/2021', '1/21/2021', '1/28/2021']",['israeli singer-songwriter'],0.545,0.572,2,-5.564,0,0.0328,0.605,0,0.0601,0.365,128.288
Monster,"Shawn Mendes, Justin Bieber",2Z8yfpFX0ZMavHkcIeHiO1,"['1/14/2021', '1/21/2021', '1/28/2021', '2/11/2021', '2/25/2021']","['canadian pop', 'dance pop', 'pop', 'post-teen pop', 'viral pop']",0.652,0.383,2,-7.076,0,0.0516,0.0676,0,0.0828,0.549,145.765
Willow,Taylor Swift,0lx2cLdOt3piJbcaXIV74f,"['1/14/2021', '1/21/2021', '1/28/2021', '2/11/2021', '2/25/2021']","['dance pop', 'pop', 'pop dance']",0.392,0.574,7,-9.195,1,0.17,0.833,0.00179,0.145,0.529,81.112
הכל מהתחלה,ים רפאלי,7fUjUu56vWXzi4sW3KdjYe,"['1/21/2021', '1/28/2021']",['israeli pop'],0.76,0.647,11,-5.353,0,0.117,0.0982,0.00000878,0.31,0.893,118.988
drivers license,Olivia Rodrigo,7lPN2DXiMsVn7XUKtOW1CS,"['1/21/2021', '1/28/2021']","['pop', 'post-teen pop']",0.585,0.436,10,-8.761,1,0.0601,0.721,0.0000131,0.105,0.132,143.874
Anxious,Dennis Lloyd,0bqwsQAkGaO0jzfzgI5iLV,"['2/11/2021', '2/25/2021']","['israeli pop', 'tropical house']",0.669,0.745,6,-7.679,0,0.118,0.051,0.00000398,0.107,0.439,100.963
עוד אחד ששר לך,"עילי בוטנר, גיא מזיג",01bJvYGLn1xMA32TasmOkb,"['2/11/2021', '2/25/2021']",['israeli pop'],0.677,0.71,1,-7.914,1,0.0756,0.00978,0,0.196,0.864,107.965
Drivers License,Olivia Rodrigo,7lPN2DXiMsVn7XUKtOW1CS,"['2/11/2021', '2/25/2021']","['pop', 'post-teen pop']",0.585,0.436,10,-8.761,1,0.0601,0.721,0.0000131,0.105,0.132,143.874
Afterglow,Ed Sheeran,0E4Y1XIbs8GrAT1YqVy6dq,"['2/11/2021', '2/25/2021']","['pop', 'uk pop']",0.641,0.324,11,-5.851,1,0.0299,0.698,0,0.328,0.273,110.184
Heather,Conan Gray,4xqrdfXkTW4T0RauPLv3WA,['2/11/2021'],"['bedroom pop', 'electropop', 'indie pop', 'pop']",0.357,0.425,5,-7.301,1,0.0333,0.584,0,0.322,0.27,102.078
חתולים,"ג'ימבו ג'יי, רביד פלוטניק",7IGkkk83NInOaTmLALMP7L,['2/25/2021'],['israeli hip hop'],0.665,0.583,9,-7.271,0,0.043,0.272,0.0000282,0.311,0.365,105.004
למה זה נגמר,דודו אהרון ועדן מאירי,2jawvO0d6xVWB5hhEm2vX7,['2/25/2021'],,0.7,0.545,5,-6.987,0,0.0319,0.666,0,0.107,0.489,94.975
End of The Road,Noga Erez,3BfRjAclEFihCqLguT8Ch7,['2/25/2021'],"['israeli hip hop', 'israeli indie']",0.899,0.557,7,-7.966,1,0.245,0.0786,0,0.0777,0.464,99.975
Astronaut In The Ocean,Masked Wolf,3Ofmpyhv5UAQ70mENzB277,['2/25/2021'],['australian hip hop'],0.778,0.695,4,-6.865,0,0.0913,0.175,0,0.15,0.472,149.996
Bang!,AJR,0m7TguDgLue2LCaDF7B4qx,['2/25/2021'],['modern rock'],0.74,0.517,1,-6.233,0,0.0506,0.0183,0,0.0558,0.698,139.917
